bin,raw_ticks,raw_seconds,raw_percent,effective_ticks,effective_seconds,effective_percent
below120,0,0.0,0.0,0,0.0,0.0
120 floor +/-0.01,888,14.8,51.71811298776936,888,14.8,51.71811298776936
120.01..<125,45,0.75,2.6208503203261504,45,0.75,2.6208503203261504
125..<130,40,0.6666666666666666,2.3296447291788,40,0.6666666666666666,2.3296447291788
130..<135,61,1.0166666666666666,3.5527082119976705,71,1.1833333333333333,4.135119394292371
135..<140,61,1.0166666666666666,3.5527082119976705,68,1.1333333333333333,3.9603960396039604
140..<145,73,1.2166666666666666,4.25160163075131,72,1.2,4.19336051252184
145..<150,89,1.4833333333333334,5.18345952242283,105,1.75,6.11531741409435
150..<155,46,0.7666666666666667,2.6790914385556204,143,2.3833333333333333,8.328479906814211
155..<160,78,1.3,4.542807221898661,57,0.95,3.3197437390797906
160..<165,87,1.45,5.06697728596389,77,1.2833333333333334,4.48456610366919
165..<170,103,1.7166666666666666,5.998835177635411,59,0.9833333333333333,3.43622597553873
170..<177.99,108,1.8,6.29004076878276,66,1.1,3.84391380314502
178 cap +/-0.01,38,0.6333333333333333,2.21316249271986,26,0.43333333333333335,1.5142690739662201
above178,0,0.0,0.0,0,0.0,0.0
