index,tick,clock,elapsedGo,durationSeconds,branch,thetaDegrees,aLat,absALat,pace,phiDegrees,internalRouteError,bodyYawDegrees,yawRate,key,change,previousThetaDegrees,previousBranch,previousALat
318,2810,46.833333333333336,5.866666666666667,0.01666666666666572,accelerating,-7.688954830773978,-3.3448784351348877,3.3448784351348877,30.93235206604004,-122.91993653024136,146.6638946533203,343.07537499051136,-1.2315813302993774,-1,1,6.78347836005268,accelerating,-2.9529409408569336
401,2893,48.21666666666667,7.25,0.01666666666666572,accelerating,7.06735468233675,3.075901508331299,3.075901508331299,74.9747314453125,8.882949591094016,-21.658279418945312,177.52520890660728,-0.8331921696662903,1,2,-6.672297821403681,accelerating,2.9047632217407227
553,3045,50.75,9.783333333333331,0.01666666666666572,braking,-149.99999734394112,-3.2824361324310303,3.2824361324310303,22.039501190185547,-276.44543163693294,134.85379028320312,337.61742546626755,1.459416389465332,-1,3,149.99999734394112,braking,-2.9425323009490967
653,3145,52.416666666666664,11.449999999999996,0.01666666666666572,braking,149.99999734394112,3.472316026687622,3.472316026687622,22.039501190185547,193.672923576298,-47.639404296875,162.60289847590855,-2.5778555870056152,1,4,-149.99999734394112,braking,2.6973185539245605
864,3356,55.93333333333333,14.966666666666661,0.01666666666666572,braking,-149.99999734394112,-3.327967643737793,3.327967643737793,28.98529052734375,-292.79277907568473,162.26641845703125,92.5416320078558,0.6590956449508667,-1,5,149.99999734394112,braking,-2.980398416519165
962,3454,57.56666666666666,16.599999999999994,0.016666666666672825,braking,149.99999734394112,3.110835313796997,3.110835313796997,23.814834594726562,169.33589405403202,-35.144493103027344,259.8057794224612,-2.038844108581543,1,6,-149.99999734394112,braking,2.856696844100952
1055,3547,59.11666666666667,18.15,0.01666666666666572,braking,-149.99999734394112,-3.7699618339538574,3.7699618339538574,23.72236442565918,-246.90060143858568,84.36091613769531,13.442865843264569,2.3020122051239014,-1,7,149.99999734394112,braking,-2.719839334487915
1247,3739,62.31666666666666,21.349999999999994,0.016666666666672825,braking,149.99999734394112,3.092834949493408,3.092834949493408,23.72236442565918,280.0248878941265,-156.30032348632812,68.48064458089591,-1.3877668380737305,1,8,-149.99999734394112,braking,2.7545857429504395
1354,3846,64.1,23.133333333333326,0.01666666666666572,braking,-149.99999734394112,-3.6017048358917236,3.6017048358917236,23.72236442565918,-187.67548473027153,37.86481475830078,247.87674475400723,3.0074594020843506,-1,9,149.99999734394112,braking,-2.9491610527038574
1566,4058,67.63333333333333,26.666666666666657,0.01666666666667993,accelerating,7.283047787457521,3.1692779064178467,3.1692779064178467,26.31716537475586,139.52883923306965,-167.26657104492188,347.92144884814877,0.22032950818538666,1,10,-6.636718512243439,accelerating,2.889343500137329
1668,4160,69.33333333333333,28.36666666666666,0.01666666666666572,accelerating,-6.971301732038861,-3.034304618835449,3.034304618835449,29.741113662719727,-8.303592455126024,9.920028686523438,150.38284310729867,0.6204676628112793,-1,11,6.516835458818199,accelerating,-2.837378978729248
1808,4300,71.66666666666667,30.700000000000003,0.01666666666666572,braking,149.99999734394112,3.012279987335205,3.012279987335205,25.219709396362305,294.0924001501981,-155.76364135742188,321.16740662391203,-0.5106455683708191,1,12,-149.99999734394112,braking,2.6051390171051025
1958,4450,74.16666666666667,33.2,0.01666666666666572,braking,-149.99999734394112,-3.4473023414611816,3.4473023414611816,14.97043228149414,-263.3368779403311,132.15673828125,259.261686553178,1.8616008758544922,-1,13,149.99999734394112,braking,-2.555349111557007
2055,4547,75.78333333333333,34.81666666666666,0.01666666666666572,braking,149.99999734394112,3.64888858795166,3.64888858795166,14.97043228149414,170.7018089446295,-27.932373046875,108.50092907910253,-3.6804795265197754,1,14,-149.99999734394112,braking,2.16326642036438
2272,4764,79.4,38.43333333333334,0.01666666666666572,accelerating,-7.677324726164739,-3.3398499488830566,3.3398499488830566,26.49348258972168,-120.89876061142952,149.2740020751953,0.23899781729056072,0.3972838819026947,-1,15,6.811484270083848,accelerating,-2.9650747776031494
2355,4847,80.78333333333333,39.81666666666666,0.01666666666666572,accelerating,7.194438035807654,3.13092303276062,3.13092303276062,26.49348258972168,-0.4744567961782614,-8.094879150390625,210.08045864201597,-1.9543863534927368,1,16,-6.82083266462348,accelerating,2.9691250324249268
2589,5081,84.68333333333334,43.71666666666667,0.01666666666666572,accelerating,-7.27371177263576,-3.1652374267578125,3.1652374267578125,18.742734909057617,-107.18876094708388,156.28945922851562,89.42413559517605,-1.1914520263671875,-1,17,6.620141643127818,accelerating,-2.8821587562561035
2663,5155,85.91666666666667,44.95,0.01666666666666572,accelerating,7.721753399168379,3.359060287475586,3.359060287475586,20.740131378173828,7.176967265684407,-20.73116683959961,285.32312027481873,-2.690126419067383,1,18,-149.99999734394112,braking,-10.333630561828613
2787,5279,87.98333333333333,47.016666666666666,0.01666666666666572,braking,-149.99999734394112,-3.748382568359375,3.748382568359375,17.09849739074707,-235.6785186699847,92.3761215209961,52.544501850935525,2.5947084426879883,-1,19,149.99999734394112,braking,-2.616818428039551
2923,5415,90.25,49.28333333333333,0.01666666666666572,braking,149.99999734394112,3.026780128479004,3.026780128479004,17.09849739074707,231.01751561809795,-106.19497680664062,188.22292439224805,-2.666049003601074,1,20,-149.99999734394112,braking,2.7173385620117188
3000,5492,91.53333333333333,50.56666666666666,0.01666666666666572,braking,-149.99999734394112,-3.546478271484375,3.546478271484375,17.09849739074707,203.80171162483336,-47.02610778808594,223.69649539394976,3.485291004180908,1,21,149.99999734394112,braking,-2.598018169403076
3230,5722,95.36666666666666,54.39999999999999,0.01666666666666572,accelerating,7.017787572643145,3.0544369220733643,3.0544369220733643,25.298301696777344,144.0389907269475,-165.0854034423828,1.7147638142481294,-0.9044749140739441,1,22,-6.250201949093825,accelerating,2.721759557723999
3368,5860,97.66666666666667,56.7,0.01666666666666572,accelerating,-6.944672532012273,-3.022770881652832,3.022770881652832,24.442474365234375,-9.676543294342274,11.238655090332031,169.96216775940883,0.16037920117378235,-1,23,6.593446275643647,accelerating,-2.8705880641937256
3455,5947,99.11666666666666,58.14999999999999,0.01666666666666572,braking,149.99999734394112,3.7222723960876465,3.7222723960876465,17.83163070678711,270.52037913573025,-121.91971588134766,14.022446667927879,-1.737769365310669,1,24,-149.99999734394112,braking,2.999002695083618
3675,6167,102.78333333333333,61.81666666666666,0.01666666666666572,accelerating,-7.2256699295611835,-3.144442558288574,3.144442558288574,30.93151092529297,-79.29462354658864,105.31781768798828,316.3927492242363,-1.7567187547683716,-1,25,6.427216119831638,accelerating,-2.7985243797302246
3791,6283,104.71666666666667,63.75,0.01666666666666572,accelerating,7.562933571719012,3.2903780937194824,3.2903780937194824,68.11365509033203,98.97582730035873,-99.55941772460938,130.3579988760069,0.8781924247741699,1,26,-6.778000121451507,accelerating,2.9505672454833984
3939,6431,107.18333333333334,66.21666666666667,0.01666666666666572,braking,-149.99999734394112,-3.222079038619995,3.222079038619995,48.64802932739258,-291.4754541508427,149.18003845214844,16.01847041512114,0.7903032302856445,-1,27,149.99999734394112,braking,-2.975721597671509
4050,6542,109.03333333333333,68.06666666666666,0.01666666666666572,braking,149.99999734394112,3.2949020862579346,3.2949020862579346,30.67607879638672,226.9811333658089,-85.92732238769531,139.91049654351164,-2.773733139038086,1,28,-149.99999734394112,braking,2.8607583045959473
4155,6647,110.78333333333333,69.81666666666666,0.01666666666666572,braking,-149.99999734394112,-3.0722546577453613,3.0722546577453613,20.5965576171875,-182.10539716023442,36.09503936767578,253.6903012471986,3.4431416988372803,-1,29,149.99999734394112,braking,-2.9444243907928467
4239,6731,112.18333333333334,71.21666666666667,0.01666666666666572,braking,149.99999734394112,3.9269468784332275,3.9269468784332275,20.5965576171875,147.30563798053282,29.835243225097656,253.031816369696,-3.3006396293640137,1,30,-149.99999734394112,braking,2.299870729446411
4413,6905,115.08333333333333,74.11666666666666,0.01666666666666572,accelerating,-7.2525048890365165,-3.1560583114624023,3.1560583114624023,47.09714126586914,-139.82535140531826,150.96339416503906,120.32140472088834,0.8952325582504272,-1,31,6.181782236630515,accelerating,-2.6920812129974365
4513,7005,116.75,75.78333333333333,0.01666666666666572,accelerating,7.074083272442858,3.07881498336792,3.07881498336792,50.25513458251953,23.24380822673393,-24.85470962524414,312.79766549422175,-0.779705286026001,1,32,-6.512826991549047,accelerating,2.8356411457061768
4679,7171,119.51666666666667,78.55,0.01666666666666572,braking,-149.99999734394112,-3.1500420570373535,3.1500420570373535,20.010583877563477,-295.0415232372631,156.43429565429688,156.60903864900718,0.4535803496837616,-1,33,149.99999734394112,braking,-2.897742986679077
4769,7261,121.01666666666667,80.05,0.01666666666666572,braking,149.99999734394112,3.1173925399780273,3.1173925399780273,20.010583877563477,169.07390165784867,-32.17938232421875,334.21809495786556,-2.1198277473449707,1,34,-149.99999734394112,braking,2.7479827404022217
4964,7456,124.26666666666667,83.3,0.01666666666666572,braking,-149.99999734394112,-3.081665277481079,3.081665277481079,30.020811080932617,-289.62428164047253,160.45147705078125,238.20129002106393,0.927814245223999,-1,35,149.99999734394112,braking,-2.834773302078247
5085,7577,126.28333333333333,85.31666666666666,0.01666666666666572,braking,149.99999734394112,3.283557891845703,3.283557891845703,28.48804473876953,204.2570393556631,-63.02521514892578,29.61195729751012,-3.002624034881592,1,36,-149.99999734394112,braking,2.779325008392334
5185,7677,127.95,86.98333333333333,0.01666666666666572,braking,-149.99999734394112,-6.511002063751221,6.511002063751221,28.48804473876953,-170.28322763153446,20.434837341308594,106.58491758294139,2.7449469566345215,-1,37,133.51058197045302,braking,18.131183624267578
5439,7931,132.18333333333334,91.21666666666667,0.01666666666665151,braking,149.99999734394112,3.0576171875,3.0576171875,23.420259475708008,293.9572170461452,-168.3311767578125,207.8427520661364,-0.5853374004364014,1,38,-149.99999734394112,braking,2.8036632537841797
5545,8037,133.95,92.98333333333332,0.01666666666667993,braking,-149.99999734394112,-3.454939603805542,3.454939603805542,23.420259475708008,-180.6958920023539,30.50620460510254,32.57808305780405,1.6166553497314453,-1,39,149.99999734394112,braking,-2.9611635208129883
5690,8182,136.36666666666667,95.4,0.01666666666665151,braking,149.99999734394112,3.1456263065338135,3.1456263065338135,28.872953414916992,277.8319600384455,-149.8338623046875,158.77721389913603,-1.4828263521194458,1,40,-149.99999734394112,braking,2.757434129714966
5793,8285,138.08333333333334,97.11666666666667,0.01666666666665151,braking,-149.99999734394112,-3.546485185623169,3.546485185623169,28.872953414916992,-188.8500723618386,36.704986572265625,329.38131015749934,2.9901092052459717,-1,41,149.99999734394112,braking,-1.931087851524353
5913,8405,140.08333333333334,99.11666666666667,0.01666666666665151,accelerating,7.318983120228251,3.184830665588379,3.184830665588379,49.97452163696289,23.875610970243866,-30.8272705078125,236.26118844770014,-0.31287696957588196,1,42,-6.692267160102683,accelerating,2.913417339324951
5980,8472,141.2,100.23333333333332,0.01666666666667993,braking,-149.99999734394112,-3.0099329948425293,3.0099329948425293,33.84718704223633,-211.82482065414553,53.76819610595703,320.63634575556523,2.9082438945770264,-1,43,149.99999734394112,braking,-1.889216661453247
6074,8566,142.76666666666665,101.79999999999998,0.01666666666667993,braking,149.99999734394112,3.2838237285614014,3.2838237285614014,30.211959838867188,166.2742617585738,-20.223892211914062,241.84997707568473,-3.758404493331909,1,44,-149.99999734394112,braking,2.8233532905578613
6377,8869,147.81666666666666,106.85,0.01666666666667993,accelerating,-7.004563899523177,-3.0487101078033447,3.0487101078033447,34.47514343261719,-145.6544943901956,158.30320739746094,152.59195851131255,-0.48525190353393555,-1,45,6.315555333506623,accelerating,-2.7501039505004883
6462,8954,149.23333333333332,108.26666666666665,0.01666666666667993,accelerating,12.913900989219284,5.587164878845215,5.587164878845215,33.1855583190918,25.83576085636893,-24.385217666625977,344.79494341595375,-2.864021062850952,1,46,-136.70424182256755,braking,-17.144115447998047
6616,9108,151.8,110.83333333333334,0.01666666666665151,braking,-149.99999734394112,-3.3887131214141846,3.3887131214141846,27.313364028930664,-278.93776766507057,147.87405395507812,196.02551393401717,1.4379165172576904,-1,47,149.99999734394112,braking,-2.9630746841430664
6727,9219,153.65,112.68333333333334,0.01666666666665151,braking,149.99999734394112,3.832793951034546,3.832793951034546,27.313364028930664,211.99476942107378,-69.4979248046875,352.6119036757366,-2.966804027557373,1,48,-149.99999734394112,braking,2.8945999145507812
6930,9422,157.03333333333333,116.06666666666666,0.01666666666667993,accelerating,-7.2038987015817675,-3.1350185871124268,3.1350185871124268,35.692466735839844,-134.6633676381894,146.30084228515625,257.6938576103366,0.10500776022672653,-1,49,6.310173571327477,accelerating,-2.747770071029663
7024,9516,158.6,117.63333333333333,0.01666666666667993,accelerating,7.407865225671273,3.2232933044433594,3.2232933044433594,35.692466735839844,30.92418007104214,-32.89024353027344,84.98876101233151,-0.8225027322769165,1,50,-6.862209096841771,accelerating,2.9870502948760986
7155,9647,160.78333333333333,119.81666666666666,0.01666666666667993,braking,-149.99999734394112,-3.3552443981170654,3.3552443981170654,31.345983505249023,-290.55078314100643,142.8740234375,276.1880974297635,0.7689414024353027,-1,51,149.99999734394112,braking,-2.7517120838165283
7321,9813,163.55,122.58333333333334,0.01666666666665151,braking,149.99999734394112,3.2107326984405518,3.2107326984405518,31.125917434692383,288.02298477069803,-159.404541015625,303.3220894171497,-1.033487319946289,1,52,-149.99999734394112,braking,2.92803692817688
7427,9919,165.31666666666666,124.35,0.01666666666667993,accelerating,-7.496873689613941,-3.2618021965026855,3.2618021965026855,31.125917434692383,-27.8019213089636,25.310192108154297,117.82509352265375,1.0561330318450928,-1,53,6.7471157135720015,accelerating,-2.937185287475586
7629,10121,168.68333333333334,127.71666666666667,0.01666666666665151,accelerating,7.45635359236284,3.244272470474243,3.244272470474243,41.6111946105957,43.95645079989868,-57.8011474609375,347.17455400202954,1.840283989906311,1,54,-6.681409720643302,accelerating,2.908712148666382
7677,10169,169.48333333333332,128.51666666666665,0.01666666666667993,braking,-149.99999734394112,-3.0621280670166016,3.0621280670166016,39.648597717285156,-213.78479807799405,51.84612274169922,89.65729776287277,2.968686580657959,-1,55,149.99999734394112,braking,-2.5227837562561035
7925,10417,173.61666666666667,132.65,0.01666666666665151,accelerating,6.939310833513813,3.020448684692383,3.020448684692383,27.031782150268555,148.14250007839945,-165.32093811035156,174.83597218507649,0.037362709641456604,1,56,-6.35825041912155,accelerating,2.7686192989349365
8017,10509,175.15,134.18333333333334,0.01666666666665151,accelerating,-7.328420734113916,-3.188915252685547,3.188915252685547,27.031782150268555,-23.528640775501803,19.584762573242188,345.9537806312948,2.051006317138672,-1,57,6.418606239496014,accelerating,-2.7947909832000732
8185,10677,177.95,136.98333333333332,0.01666666666667993,braking,149.99999734394112,3.047994613647461,3.047994613647461,31.251056671142578,287.3645545347088,-158.64279174804688,126.90867138288041,-0.9535596370697021,1,58,-149.99999734394112,braking,2.754185914993286
8291,10783,179.71666666666667,138.75,0.01666666666665151,braking,-149.99999734394112,-3.1863853931427,3.1863853931427,31.251056671142578,-201.31031816280117,47.28993225097656,319.46559669031166,2.6681997776031494,-1,59,149.99999734394112,braking,-1.6143990755081177
8412,10904,181.73333333333332,140.76666666666665,0.01666666666667993,braking,149.99999734394112,3.494502067565918,3.494502067565918,23.88191032409668,229.15891186191078,-89.62425231933594,159.9911434203224,-2.6776061058044434,1,60,-149.99999734394112,braking,2.9620683193206787
8531,11023,183.71666666666667,142.75,0.01666666666665151,braking,-149.99999734394112,-3.1384947299957275,3.1384947299957275,23.62686538696289,-223.18070682858706,80.55917358398438,330.6538563621428,2.827906370162964,-1,61,149.99999734394112,braking,-2.852752923965454
8609,11101,185.01666666666665,144.04999999999998,0.01666666666667993,braking,149.99999734394112,3.1590209007263184,3.1590209007263184,23.62686538696289,-217.72692371973696,41.23191833496094,303.44459569010303,-3.4109554290771484,-1,62,-149.99999734394112,braking,2.475724935531616
8845,11337,188.95,147.98333333333332,0.01666666666667993,braking,-149.99999734394112,-3.0529115200042725,3.0529115200042725,22.945938110351562,-294.58127777023094,161.66357421875,149.01201048049876,0.39338162541389465,-1,63,149.99999734394112,braking,-2.7400994300842285
8935,11427,190.45,149.48333333333332,0.01666666666667993,accelerating,7.275637885981704,3.1660709381103516,3.1660709381103516,22.945938110351562,12.246203894073641,-24.564563751220703,334.09384015648465,-1.6348851919174194,1,64,-6.591372459456902,accelerating,2.8696892261505127
9087,11579,192.98333333333332,152.01666666666665,0.01666666666667993,braking,-149.99999734394112,-3.0227394104003906,3.0227394104003906,29.97719383239746,-275.32814929250225,151.77586364746094,204.36091287256065,1.4780820608139038,-1,65,149.99999734394112,braking,-2.484708070755005
9225,11717,195.28333333333333,154.31666666666666,0.01666666666667993,accelerating,6.963506778648584,3.030928373336792,3.030928373336792,51.6075439453125,9.130771906070526,-17.518985748291016,48.31080909390312,-0.12740984559059143,1,66,-6.119004260421636,accelerating,2.664846897125244
9630,12122,202.03333333333333,161.06666666666666,0.01666666666667993,braking,-149.99999734394112,-3.0376057624816895,3.0376057624816895,65.89933776855469,-252.41084289111512,109.2984390258789,199.9927610115274,2.2408456802368164,-1,67,149.99999734394112,braking,-2.7614481449127197
9736,12228,203.8,162.83333333333334,0.01666666666665151,braking,149.99999734394112,3.475966691970825,3.475966691970825,48.32069396972656,208.19581820471268,-63.129119873046875,31.23158297992232,-3.095240592956543,1,68,-149.99999734394112,braking,2.967832326889038
