frame,wall_ms,relative_go,dt_ms,fixed_time,local_tick,gc0,gc1,gc2,main_ns,gc_bytes,gpu_ns,s0_ms,s0_n,s1_ms,s1_n,s2_ms,s2_n,s3_ms,s3_n,s4_ms,s4_n,s5_ms,s5_n,s6_ms,s6_n,s7_ms,s7_n,s8_ms,s8_n,s9_ms,s9_n,s10_ms,s10_n,s11_ms,s11_n,s12_ms,s12_n,s13_ms,s13_n,s14_ms,s14_n,s15_ms,s15_n
2488,257.939700000001,2.2142928,236.577600240707,44.1333405673504,2544,51,51,51,236697700,-1,0,41.776,1,36.364,1,46.0748,1,50.8857,1,45.6961,1,0,0,221.4797,18,0.58629999999999993,18,7.8893,6,0.0208,2,92.892799999998317,12038,80.484400000030135,108297,0,3,0,15,221.0249,15,0,0
2489,232.793200000003,2.447086,258.525788784027,44.3833406083286,2547,51,51,51,258431000,-1,0,39.6634,1,39.4754,1,38.4009,1,35.6664,1,41.2262,1,0,0,195.6248,18,0.6441,18,7.4902,6,0.0174,2,84.475599999999062,12080,71.366800000024881,108675,0,3,0,15,195.1401,15,0,0
2490,208.984999999998,2.656071,232.326298952103,44.6166739799082,2550,51,51,51,232331700,-1,0,34.4381,1,38.2447,1,34.1044,1,29.3063,1,40.7786,1,0,0,177.71519999999998,18,0.49499999999999994,18,6.8016000000000005,6,0.044199999999999996,2,75.952700000000533,12083,65.22560000002575,108702,0,3,0,14,177.29559999999998,15,0,0
2491,203.129799999999,2.8592008,207.665503025055,44.8166740126908,2553,51,51,51,207648200,-1,0,37.3496,1,39.6535,1,31.9417,1,33.4677,1,33.1482,1,0,0,176.1361,18,0.5034,18,5.1004000000000005,6,0.022299999999999997,2,75.97890000000119,11777,64.5227000000261,105948,0,3,0,12,175.7588,15,0,0
2492,166.049600000001,3.0252504,204.897999763489,45.0333407148719,2556,51,51,51,204809500,-1,0,29.9085,1,26.8954,1,23.0778,1,32.1335,1,26.9274,1,0,0,139.5365,18,0.51469999999999994,18,5.2597,6,0.0179,2,60.947500000001128,11012,51.261300000009605,99063,0,3,0,13,139.1398,15,0,0
2493,162.827200000002,3.1880776,165.047898888588,45.2000074088573,2559,51,51,51,165147700,-1,0,32.6115,1,21.8439,1,26.6168,1,34.2737,1,21.1592,1,0,0,137.00820000000002,18,0.64550000000000007,18,7.2405000000000008,6,0.0229,2,59.749600000001159,9671,49.918499999993912,86994,0,3,0,10,136.6851,15,0,0
2494,158.965799999997,3.3470434,162.801697850227,45.3500074334443,2562,51,51,51,162693000,-1,0,32.4253,1,23.9805,1,25.0762,1,32.3235,1,21.192,1,0,0,135.5265,18,0.47209999999999996,18,6.5512999999999995,6,0.0214,2,59.72290000000072,9536,48.847700000006711,85779,0,3,0,9,135.1745,15,0,0
2495,125.855600000001,3.472899,159.174203872681,45.5166741274297,2565,51,51,51,159281300,-1,0,27.0244,1,18.9434,1,11.0248,1,27.9826,1,18.5571,1,0,0,103.96889999999999,18,0.35350000000000004,18,5.1955,6,0.0187,2,45.795099999999749,8627,37.61179999998069,77598,0,3,0,10,103.6927,15,0,0
2496,108.594400000001,3.5814934,125.365793704987,45.6500074826181,2568,51,51,51,125300700,-1,0,20.3227,1,20.5853,1,0.0706,1,36.464,1,10.8081,1,0,0,88.671200000000013,18,0.41,18,6.5698000000000008,6,0.0176,2,38.649500000000792,6164,32.017599999987944,55431,0,3,0,8,88.3881,15,0,0
2497,180.624999999999,3.7621184,108.16740244627,45.7500074990094,2571,51,51,51,108086700,-1,0,38.4139,1,39.6987,1,41.0778,1,37.0271,1,0.0875,1,0,0,156.9213,18,0.5809,18,9.1928999999999981,6,0.019100000000000002,2,67.198499999999385,9188,58.564400000002529,82647,0,3,0,6,156.5347,15,0,0
2498,212.0119,3.9741303,181.128203868866,45.9333408623934,2574,51,51,51,181142300,-1,0,35.5999,1,36.5689,1,30.8266,1,35.5848,1,43.9421,1,0,0,183.34570000000002,18,0.76700000000000013,18,8.4032,6,0.0212,2,78.292999999998116,11333,69.125000000023292,101952,0,3,0,11,182.7677,15,0,0
2499,214.033999999998,4.1881643,211.557805538177,46.1500075645745,2577,51,51,51,211599000,-1,0,37.5268,1,43.0792,1,29.0516,1,39.308,1,35.4719,1,0,0,185.0169,18,0.4899,18,6.8718999999999992,6,0.019299999999999998,2,79.483300000001137,11483,66.697700000025478,103302,0,3,0,13,184.6841,15,0,0
2500,211.037900000001,4.3992022,214.743494987488,46.350007597357,2580,51,51,51,214694200,-1,0,42.2681,1,37.84,1,26.5886,1,40.2628,1,36.4467,1,0,0,184.02190000000002,18,0.9488,18,6.1604,6,0.0208,2,79.323900000000364,11561,67.885700000013642,104004,0,3,0,12,183.5995,15,0,0
2501,216.664100000003,4.6158663,210.22130548954,46.5666742995381,2583,51,51,51,210302800,-1,0,39.6476,1,40.2751,1,32.4491,1,41.0638,1,36.9807,1,0,0,190.9625,18,0.45740000000000003,18,6.5479,6,0.0187,2,82.203699999998918,11987,68.944800000031847,107838,0,3,0,13,190.59269999999998,15,0,0
2502,273.190799999995,4.8890571,218.482494354248,46.7833410017192,2586,51,51,51,218507200,-1,0,45.2067,1,49.7326,1,57.1026,1,47.2167,1,40.918,1,0,0,240.6633,18,0.391,18,6.9037,6,0.0235,2,101.38549999999671,12047,88.603600000077137,108378,0,3,0,13,240.3534,15,0,0
2503,305.064900000005,5.194122,272.518694400787,47.0666743814945,2589,51,51,51,272468600,-1,0,44.2887,1,43.2421,1,45.2244,1,73.7748,1,55.1141,1,0,0,262.5562,18,0.5813,18,9.1859,6,0.0215,2,107.36320000000116,12101,100.81340000005794,108864,0,3,0,17,262.0745,15,0,0
2504,360.667299999996,5.5547893,305.852502584457,47.3666744306684,2592,51,51,51,306435100,-1,0,62.3453,1,51.8277,1,67.0228,1,74.5318,1,56.5557,1,0,0,313.0772,18,0.9557,18,11.6828,6,0.0237,2,129.69290000000368,12095,116.96460000007313,108810,0,3,0,18,312.5426,15,0,0
2505,378.1508,5.9329401,362.998992204666,47.7000078186393,2595,51,51,51,362576500,-1,0,45.753,1,49.3042,1,63.1926,1,68.5593,1,94.0495,1,0,0,321.4722,18,0.6247,18,15.247399999999999,6,0.0206,2,135.37290000000368,11537,115.88370000007629,103788,0,3,0,20,321.062,15,0,0
2506,331.6649,6.264605,385.650187730789,48.0333412066102,2598,51,51,51,385990100,-1,0,52.2738,1,30.4952,1,62.6684,1,58.1998,1,60.3449,1,0,0,264.6407,18,0.8461,18,8.8447000000000013,6,0.0198,2,114.90340000000182,10949,94.61860000005916,98496,0,3,0,20,264.19460000000004,15,0,0
2507,274.163200000004,6.5387682,322.493702173233,48.3500079251826,2601,51,51,51,321917200,-1,0,49.1828,1,29.8017,1,44.0016,1,48.6481,1,48.636,1,0,0,220.9505,18,0.6786,18,9.1571,6,0.0209,2,97.5223000000033,10718,81.133800000037752,96417,0,3,0,19,220.51979999999998,15,0,0
2508,266.876099999998,6.8056443,276.883691549301,48.6333413049579,2604,51,51,51,276951200,-1,0,40.0597,1,26.6737,1,49.5523,1,47.4732,1,46.7521,1,0,0,211.1658,18,1.9132000000000002,18,7.1977,6,0.03,2,93.724200000000693,10766,77.55590000002212,96849,0,3,0,17,210.7331,15,0,0
2509,196.270499999997,7.00191479999999,262.362003326416,48.9000080153346,2607,51,51,51,262209400,-1,0,31.195,1,27.9065,1,30.1704,1,37.1683,1,37.5671,1,0,0,164.5375,18,0.45539999999999997,18,5.7918,6,0.0212,2,74.446000000000311,11141,60.13709999999552,100224,0,3,0,16,164.2144,15,0,0
2510,210.252500000003,7.2121673,196.342393755913,49.0833413787186,2610,51,51,51,196406800,-1,0,34.835,1,30.4991,1,43.5321,1,38.6441,1,33.2358,1,0,0,181.2783,18,0.65389999999999993,18,5.9197,6,0.0209,2,79.158999999998471,10718,66.563100000015922,96417,0,3,0,11,180.9415,15,0,0
2511,176.925900000001,7.3890932,210.678398609161,49.3000080808997,2613,51,51,51,210779900,-1,0,27.5501,1,22.5271,1,32.6758,1,34.94,1,27.2867,1,0,0,145.6304,18,0.5102,18,7.7486000000000006,6,0.0225,2,64.777299999999016,10730,53.4758999999966,96525,0,3,0,13,145.1851,15,0,0
2512,220.823899999999,7.6099171,176.252394914627,49.4833414442837,2616,51,51,51,176124300,-1,0,40.2657,1,33.698,1,41.7252,1,37.4178,1,42.3121,1,0,0,195.9747,18,0.6116,18,5.4952999999999994,6,0.0201,2,85.30809999999893,11273,72.542200000005636,101412,0,3,0,11,195.59949999999998,15,0,0
2513,181.238899999997,7.79115599999999,220.770701766014,49.7000081464648,2619,51,51,51,220867300,-1,0,29.0885,1,29.5455,1,31.456,1,30.5118,1,32.8546,1,0,0,154.09900000000002,18,0.5697,18,6.6610000000000005,6,0.0218,2,67.662599999999571,11972,56.47869999999714,107703,0,3,0,13,153.662,15,0,0
2514,180.301400000005,7.9714574,180.729895830154,49.8833415098488,2622,51,51,51,180580300,-1,0,31.5196,1,33.5418,1,34.547,1,28.2781,1,31.2294,1,0,0,159.72650000000002,18,0.59390000000000009,18,4.8259,6,0.019,2,70.5698000000002,12011,58.0594000000072,108054,0,3,0,11,159.3434,15,0,0
2515,196.737499999998,8.1681949,180.850893259048,50.0666748732328,2625,51,51,51,180852500,-1,0,31.9745,1,37.51,1,35.7663,1,28.2674,1,33.2813,1,0,0,167.40330000000003,18,0.57209999999999994,18,5.5753,6,0.0208,2,72.880000000000223,11663,60.65760000002215,104922,0,3,0,11,166.9938,15,0,0
2516,163.891900000003,8.3320868,196.656793355942,50.2500082366168,2628,51,51,51,196676800,-1,0,33.4763,1,0.1646,1,35.2014,1,30.378,1,37.1689,1,0,0,136.9876,18,0.63039999999999985,18,6.1027000000000005,6,0.0204,2,60.094200000000036,9335,49.049700000003575,83970,0,3,0,11,136.57580000000002,15,0,0
2517,199.230100000001,8.5313169,163.940206170082,50.4166749306023,2631,51,51,51,163838900,-1,0,38.2203,1,0.4065,1,47.6237,1,40.296,1,45.7163,1,0,0,172.8434,18,1.148,18,8.7601,6,0.0243,2,74.338300000000075,9551,65.054500000006811,85914,0,3,0,10,172.448,15,0,0
2518,215.666200000001,8.7469831,199.852302670479,50.6166749633849,2634,51,51,51,199897600,-1,0,41.3761,1,5.7009,1,43.9497,1,44.4615,1,42.7702,1,0,0,178.8388,18,0.5864,18,8.0251,6,0.0205,2,75.979399999999643,9866,66.902300000014264,88749,0,3,0,12,178.45280000000002,15,0,0
2519,203.058399999989,8.95004149999999,215.262904763222,50.833341665566,2637,51,51,51,215438500,-1,0,40.3107,1,1.1821,1,49.0461,1,34.6882,1,45.4955,1,0,0,171.3493,18,0.5843,18,7.9853,6,0.0243,2,72.699999999999022,9485,64.397600000004786,85320,0,3,0,13,170.9284,15,0,0
2520,212.519600000007,9.1625611,203.867897391319,51.0333416983485,2640,51,51,51,203758100,-1,0,39.275,1,1.1356,1,49.9203,1,45.007,1,48.4368,1,0,0,184.45660000000004,18,0.6465,18,6.2625999999999991,6,0.0208,2,80.927699999999874,9365,67.603899999997878,84240,0,3,0,12,183.9881,15,0,0
2521,158.809500000004,9.3213706,211.776405572891,51.2500084005296,2643,51,51,51,211744100,-1,0,28.9105,1,0.0631,1,57.3944,1,41.5891,1,0.0543,1,0,0,128.4551,18,0.4264,18,7.4562999999999988,6,0.0606,2,56.737599999999247,6098,45.971599999998332,54837,0,3,0,13,128.16639999999998,15,0,0
2522,199.335300000001,9.5207059,159.480094909668,51.4166750945151,2646,51,51,51,160003800,-1,0,37.713,1,10.8034,1,42.7746,1,33.2045,1,42.3318,1,0,0,167.5627,18,0.65799999999999992,18,10.2631,6,0.0244,2,71.893099999999492,10142,61.967900000010843,91233,0,3,0,10,167.03050000000002,15,0,0
2523,256.524299999995,9.7772302,199.206605553627,51.6166751272976,2649,51,51,51,198654100,-1,0,38.4037,1,31.8853,1,67.341,1,41.5784,1,43.3135,1,0,0,223.2317,18,0.6457,18,7.8770000000000007,6,0.0246,2,91.2367999999983,11015,90.051900000037222,99090,0,3,0,12,222.78070000000002,15,0,0
2524,193.331099999995,9.97056129999999,258.005410432816,51.8666751682758,2652,51,51,51,258076700,-1,0,39.589,1,2.8409,1,30.4501,1,42.4349,1,41.4954,1,0,0,157.4191,18,0.5336,18,8.849,6,0.024,2,65.534700000000228,8627,60.1301999999979,77598,0,3,0,15,157.0024,15,0,0
2525,187.059599999998,10.1576209,193.040400743484,52.0666752010584,2655,52,52,52,193143200,-1,0,36.651,1,0.4489,1,38.6019,1,37.0007,1,34.5976,1,0,0,148.1446,18,4.0870999999999995,18,8.0958,6,0.022199999999999998,2,64.024300000000878,7742,55.154200000003428,69633,0,3,0,12,147.6508,15,0,0
2526,153.619300000003,10.3112402,186.887800693512,52.2500085644424,2658,52,52,52,186847700,-1,0,35.6069,1,0.1284,1,15.4033,1,42.849,1,32.4781,1,0,0,127.0353,18,0.5954,18,4.7539,6,0.0214,2,55.558799999999344,7448,47.251200000000985,66987,0,3,0,11,126.63600000000001,15,0,0
2527,141.790499999999,10.4530307,151.558697223663,52.4000085890293,2661,52,52,52,151476000,-1,0,34.1093,1,0.1094,1,0.0538,1,42.5882,1,35.6536,1,0,0,113.13579999999999,18,3.3689999999999998,18,7.383,6,0.0199,2,49.051700000000494,6782,41.422699999996823,60993,0,3,0,9,112.6843,15,0,0
2528,233.639100000005,10.6866698,142.022505402565,52.5333419442177,2664,52,52,52,142100500,-1,0,44.0699,1,40.9761,1,41.0369,1,42.0594,1,39.3183,1,0,0,208.1374,18,0.84239999999999993,18,6.8529,6,0.019600000000000003,2,87.783100000000061,11786,77.2113000000241,106029,0,3,0,8,207.68810000000002,15,0,0
2529,225.878699999996,10.9125485,235.090702772141,52.7833419851959,2667,52,52,52,234897900,-1,0,38.3568,1,37.6573,1,41.5475,1,39.0137,1,36.4962,1,0,0,193.7604,18,0.95720000000000016,18,9.0496,6,0.0185,2,82.938000000000088,11936,71.344400000022745,107379,0,3,0,15,193.2901,15,0,0
