index,k,tau,margin,f_pace,a_brake_plan,complete,duration_s,lap_s,side_changes,max_e,rms,min_heading,max_heading,invariant_violations,progress,failure
0,0.15,0.8,1.5,0.85,10,False,32.2833366,,30,181.5699,72.49714,-172.731735,141.742081,0,1252.70288,projection advance >10m
1,0.15,0.8,1.5,0.85,12.5,False,30.4000015,,39,71.76811,31.9520168,-525.275,161.358582,0,1416.27832,projection advance >10m
2,0.15,0.8,1.5,0.9,10,False,32.8333359,,37,178.882538,71.4696,-172.614075,138.922333,0,1254.56128,projection advance >10m
3,0.15,0.8,1.5,0.9,12.5,False,22.2833347,,15,74.09297,32.56127,-234.445221,161.818726,0,1151.70776,projection advance >10m
4,0.15,0.8,1.5,0.95,10,False,33.26667,,25,178.397308,71.86247,-172.6589,139.3621,0,1254.76074,projection advance >10m
5,0.15,0.8,1.5,0.95,12.5,False,13.2333336,,3,133.490509,54.967083,-192.901947,168.184479,0,731.8176,projection advance >10m
6,0.15,0.8,2,0.85,10,False,32.2833366,,30,181.5699,72.49714,-172.731735,141.742081,0,1252.70288,projection advance >10m
7,0.15,0.8,2,0.85,12.5,False,30.4000015,,39,71.76811,31.9520168,-525.275,161.358582,0,1416.27832,projection advance >10m
8,0.15,0.8,2,0.9,10,False,32.7,,39,178.882538,71.36335,-172.614075,131.643066,0,1252.50854,projection advance >10m
9,0.15,0.8,2,0.9,12.5,False,22.1333351,,17,66.86618,30.63213,-212.59906,164.625,0,1145.71411,projection advance >10m
10,0.15,0.8,2,0.95,10,False,103.28334,,53,200.173981,58.877533,-177.229843,173.268326,1,4263.921,lateral error >200m
11,0.15,0.8,2,0.95,12.5,False,13.2333336,,3,133.490509,54.967083,-192.901947,168.184479,0,731.8176,projection advance >10m
12,0.15,0.8,3,0.85,10,False,32.2833366,,30,181.5699,72.49714,-172.731735,141.742081,0,1252.70288,projection advance >10m
13,0.15,0.8,3,0.85,12.5,False,30.4000015,,39,71.76811,31.9520168,-525.275,161.358582,0,1416.27832,projection advance >10m
14,0.15,0.8,3,0.9,10,False,32.56667,,41,178.882538,71.17924,-172.614075,137.769348,0,1252.49829,projection advance >10m
15,0.15,0.8,3,0.9,12.5,False,22.1333351,,17,66.86618,30.63213,-212.59906,164.625,0,1145.71411,projection advance >10m
16,0.15,0.8,3,0.95,10,False,32.95,,29,178.397308,71.47969,-172.6589,138.792282,0,1252.72559,projection advance >10m
17,0.15,0.8,3,0.95,12.5,False,13.2333336,,3,133.490509,54.967083,-192.901947,168.184479,0,731.8176,projection advance >10m
18,0.15,1,1.5,0.85,10,False,32.2833366,,30,181.5699,72.49714,-172.731735,141.742081,0,1252.70288,projection advance >10m
19,0.15,1,1.5,0.85,12.5,False,30.4000015,,39,71.76811,31.9520168,-525.275,161.358582,0,1416.27832,projection advance >10m
20,0.15,1,1.5,0.9,10,False,32.8333359,,37,178.882538,71.4696,-172.614075,138.922333,0,1254.56128,projection advance >10m
21,0.15,1,1.5,0.9,12.5,False,22.2833347,,15,74.09297,32.56127,-234.445221,161.818726,0,1151.70776,projection advance >10m
22,0.15,1,1.5,0.95,10,False,33.26667,,25,178.397308,71.86247,-172.6589,139.3621,0,1254.76074,projection advance >10m
23,0.15,1,1.5,0.95,12.5,False,13.2333336,,3,133.490509,54.967083,-192.901947,168.184479,0,731.8176,projection advance >10m
24,0.15,1,2,0.85,10,False,32.2833366,,30,181.5699,72.49714,-172.731735,141.742081,0,1252.70288,projection advance >10m
25,0.15,1,2,0.85,12.5,False,30.4000015,,39,71.76811,31.9520168,-525.275,161.358582,0,1416.27832,projection advance >10m
26,0.15,1,2,0.9,10,False,32.7,,39,178.882538,71.36335,-172.614075,131.643066,0,1252.50854,projection advance >10m
27,0.15,1,2,0.9,12.5,False,22.2833347,,15,74.09297,32.56127,-234.445221,161.818726,0,1151.70776,projection advance >10m
28,0.15,1,2,0.95,10,True,129.75,129.75,72,178.397308,58.79446,-188.2259,166.779877,1,5737.208,
29,0.15,1,2,0.95,12.5,False,13.2333336,,3,133.490509,54.967083,-192.901947,168.184479,0,731.8176,projection advance >10m
30,0.15,1,3,0.85,10,False,32.2833366,,30,181.5699,72.49714,-172.731735,141.742081,0,1252.70288,projection advance >10m
31,0.15,1,3,0.85,12.5,False,30.3500023,,25,71.76811,32.22016,-525.966,161.358582,0,1420.5376,projection advance >10m
32,0.15,1,3,0.9,10,False,32.6000023,,39,178.882538,71.17245,-172.614075,138.564377,0,1252.76172,projection advance >10m
33,0.15,1,3,0.9,12.5,False,22.2833347,,15,74.09297,32.56127,-234.445221,161.818726,0,1151.70776,projection advance >10m
34,0.15,1,3,0.95,10,False,99.53334,,59,178.397308,68.8216858,-175.438919,172.715561,1,3851.95483,projection advance >10m
35,0.15,1,3,0.95,12.5,False,13.2333336,,3,133.490509,54.967083,-192.901947,168.184479,0,731.8176,projection advance >10m
36,0.15,1.2,1.5,0.85,10,False,32.2833366,,30,181.5699,72.49714,-172.731735,141.742081,0,1252.70288,projection advance >10m
37,0.15,1.2,1.5,0.85,12.5,False,22.3000011,,15,71.76772,31.4973087,-238.476639,161.358582,0,1153.70654,projection advance >10m
38,0.15,1.2,1.5,0.9,10,False,32.06667,,29,172.785782,68.83511,-172.560455,134.6718,0,1254.38037,projection advance >10m
39,0.15,1.2,1.5,0.9,12.5,False,22.2500019,,19,74.09298,32.50286,-233.877914,161.818726,0,1151.706,projection advance >10m
40,0.15,1.2,1.5,0.95,10,True,117.983337,117.983337,50,178.397308,48.5727959,-175.438919,164.393661,1,5737.39453,
41,0.15,1.2,1.5,0.95,12.5,False,13.2333336,,3,133.490509,54.967083,-192.901947,168.184479,0,731.8176,projection advance >10m
42,0.15,1.2,2,0.85,10,False,32.2833366,,30,181.5699,72.49714,-172.731735,141.742081,0,1252.70288,projection advance >10m
43,0.15,1.2,2,0.85,12.5,False,22.3000011,,15,71.76772,31.4973087,-238.476639,161.358582,0,1153.70654,projection advance >10m
44,0.15,1.2,2,0.9,10,False,32.6000023,,39,178.882538,71.17245,-172.614075,138.564377,0,1252.76172,projection advance >10m
45,0.15,1.2,2,0.9,12.5,False,22.2500019,,19,74.09298,32.50286,-233.877914,161.818726,0,1151.706,projection advance >10m
46,0.15,1.2,2,0.95,10,True,117.983337,117.983337,50,178.397308,48.5727959,-175.438919,164.393661,1,5737.39453,
47,0.15,1.2,2,0.95,12.5,False,13.2333336,,3,133.490509,54.967083,-192.901947,168.184479,0,731.8176,projection advance >10m
48,0.15,1.2,3,0.85,10,False,32.2833366,,30,181.5699,72.49714,-172.731735,141.742081,0,1252.70288,projection advance >10m
49,0.15,1.2,3,0.85,12.5,False,22.3000011,,15,71.76772,31.4973087,-238.476639,161.358582,0,1153.70654,projection advance >10m
50,0.15,1.2,3,0.9,10,False,32.6000023,,39,178.882538,71.17245,-172.614075,138.564377,0,1252.76172,projection advance >10m
51,0.15,1.2,3,0.9,12.5,False,22.2500019,,19,74.09298,32.50286,-233.877914,161.818726,0,1151.706,projection advance >10m
52,0.15,1.2,3,0.95,10,False,104.166672,,55,200.5232,59.2109032,-175.438919,173.06662,1,4260.047,lateral error >200m
53,0.15,1.2,3,0.95,12.5,False,13.2333336,,3,133.490509,54.967083,-192.901947,168.184479,0,731.8176,projection advance >10m
54,0.3,0.8,1.5,0.85,10,False,32.4666672,,30,177.227158,70.52261,-172.517258,139.946213,0,1254.91772,projection advance >10m
55,0.3,0.8,1.5,0.85,12.5,False,11.7333336,,2,200.219864,70.8870544,-173.015717,113.079033,0,502.406982,lateral error >200m
56,0.3,0.8,1.5,0.9,10,False,32.81667,,31,169.208969,68.28851,-172.812,137.899872,0,1254.71875,projection advance >10m
57,0.3,0.8,1.5,0.9,12.5,False,13.0166674,,3,134.987442,52.2043648,-186.985123,168.322037,0,729.8157,projection advance >10m
58,0.3,0.8,1.5,0.95,10,False,21.9333344,,13,86.71883,36.1050262,-193.134171,172.1393,0,1131.719,projection advance >10m
59,0.3,0.8,1.5,0.95,12.5,False,66.78334,,37,157.127289,61.9088631,-195.278336,168.380692,0,2642.20044,projection advance >10m
60,0.3,0.8,2,0.85,10,False,32.4166679,,31,177.227158,70.45753,-172.517258,138.0422,0,1254.87964,projection advance >10m
61,0.3,0.8,2,0.85,12.5,False,11.7333336,,2,200.219864,70.8870544,-173.015717,113.079033,0,502.406982,lateral error >200m
62,0.3,0.8,2,0.9,10,False,32.81667,,31,169.208969,68.28851,-172.812,137.899872,0,1254.71875,projection advance >10m
63,0.3,0.8,2,0.9,12.5,False,13.0166674,,3,134.987442,52.2043648,-186.985123,168.322037,0,729.8157,projection advance >10m
64,0.3,0.8,2,0.95,10,False,21.9333344,,13,86.71883,36.1050262,-193.134171,172.1393,0,1131.719,projection advance >10m
65,0.3,0.8,2,0.95,12.5,False,66.78334,,37,157.127289,61.9088631,-195.278336,168.380692,0,2642.20044,projection advance >10m
66,0.3,0.8,3,0.85,10,False,32.2833366,,35,177.227158,70.2545853,-172.517258,136.001419,0,1254.61011,projection advance >10m
67,0.3,0.8,3,0.85,12.5,False,11.7333336,,2,200.219864,70.8870544,-173.015717,113.079033,0,502.406982,lateral error >200m
68,0.3,0.8,3,0.9,10,False,32.81667,,31,169.208969,68.28851,-172.812,137.899872,0,1254.71875,projection advance >10m
69,0.3,0.8,3,0.9,12.5,False,13.0166674,,3,134.987442,52.2043648,-186.985123,168.322037,0,729.8157,projection advance >10m
70,0.3,0.8,3,0.95,10,False,21.9333344,,13,86.71883,36.1050262,-193.134171,172.1393,0,1131.719,projection advance >10m
71,0.3,0.8,3,0.95,12.5,False,66.78334,,37,157.127289,61.9088631,-195.278336,168.380692,0,2642.20044,projection advance >10m
72,0.3,1,1.5,0.85,10,False,32.4666672,,30,177.227158,70.52261,-172.517258,139.946213,0,1254.91772,projection advance >10m
73,0.3,1,1.5,0.85,12.5,False,11.7333336,,2,200.219864,70.8870544,-173.015717,113.079033,0,502.406982,lateral error >200m
74,0.3,1,1.5,0.9,10,False,32.81667,,31,169.208969,68.28851,-172.812,137.899872,0,1254.71875,projection advance >10m
75,0.3,1,1.5,0.9,12.5,False,13.0166674,,3,134.987442,52.2043648,-186.985123,168.322037,0,729.8157,projection advance >10m
76,0.3,1,1.5,0.95,10,False,21.9333344,,13,86.71883,36.1050262,-193.134171,172.1393,0,1131.719,projection advance >10m
77,0.3,1,1.5,0.95,12.5,False,66.51667,,37,157.127289,60.9512978,-195.288559,168.380692,0,2642.18628,projection advance >10m
78,0.3,1,2,0.85,10,False,32.2833366,,35,177.227158,70.2545853,-172.517258,136.001419,0,1254.61011,projection advance >10m
79,0.3,1,2,0.85,12.5,False,11.7333336,,2,200.219864,70.8870544,-173.015717,113.079033,0,502.406982,lateral error >200m
80,0.3,1,2,0.9,10,False,32.81667,,31,169.208969,68.28851,-172.812,137.899872,0,1254.71875,projection advance >10m
81,0.3,1,2,0.9,12.5,False,13.0166674,,3,134.987442,52.2043648,-186.985123,168.322037,0,729.8157,projection advance >10m
82,0.3,1,2,0.95,10,False,21.9333344,,13,86.71883,36.1050262,-193.134171,172.1393,0,1131.719,projection advance >10m
83,0.3,1,2,0.95,12.5,False,66.51667,,37,157.127289,60.9512978,-195.288559,168.380692,0,2642.18628,projection advance >10m
84,0.3,1,3,0.85,10,False,32.2833366,,35,177.227158,70.2545853,-172.517258,136.001419,0,1254.61011,projection advance >10m
85,0.3,1,3,0.85,12.5,False,11.7333336,,2,200.219864,70.8870544,-173.015717,113.079033,0,502.406982,lateral error >200m
86,0.3,1,3,0.9,10,False,32.81667,,31,169.208969,68.28851,-172.812,137.899872,0,1254.71875,projection advance >10m
87,0.3,1,3,0.9,12.5,False,13.0166674,,3,134.987442,52.2043648,-186.985123,168.322037,0,729.8157,projection advance >10m
88,0.3,1,3,0.95,10,False,21.9333344,,13,86.71883,36.1050262,-193.134171,172.1393,0,1131.719,projection advance >10m
89,0.3,1,3,0.95,12.5,False,66.51667,,37,157.127289,61.1514931,-195.009262,168.380692,0,2642.41479,projection advance >10m
90,0.3,1.2,1.5,0.85,10,False,32.2833366,,35,177.227158,70.2545853,-172.517258,136.001419,0,1254.61011,projection advance >10m
91,0.3,1.2,1.5,0.85,12.5,False,11.7333336,,2,200.219864,70.8870544,-173.015717,113.079033,0,502.406982,lateral error >200m
92,0.3,1.2,1.5,0.9,10,False,32.81667,,31,169.208969,68.28851,-172.812,137.899872,0,1254.71875,projection advance >10m
93,0.3,1.2,1.5,0.9,12.5,False,13.0166674,,3,134.987442,52.2043648,-186.985123,168.322037,0,729.8157,projection advance >10m
94,0.3,1.2,1.5,0.95,10,False,21.9333344,,13,86.71883,36.1050262,-193.134171,172.1393,0,1131.719,projection advance >10m
95,0.3,1.2,1.5,0.95,12.5,False,64.15,,36,200.373749,59.10644,-194.757462,168.380692,0,2493.3667,lateral error >200m
96,0.3,1.2,2,0.85,10,False,32.2833366,,35,177.227158,70.2545853,-172.517258,136.001419,0,1254.61011,projection advance >10m
97,0.3,1.2,2,0.85,12.5,False,11.7333336,,2,200.219864,70.8870544,-173.015717,113.079033,0,502.406982,lateral error >200m
98,0.3,1.2,2,0.9,10,False,32.81667,,31,169.208969,68.28851,-172.812,137.899872,0,1254.71875,projection advance >10m
99,0.3,1.2,2,0.9,12.5,False,13.0166674,,3,134.987442,52.2043648,-186.985123,168.322037,0,729.8157,projection advance >10m
100,0.3,1.2,2,0.95,10,False,21.9333344,,13,86.71883,36.1050262,-193.134171,172.1393,0,1131.719,projection advance >10m
101,0.3,1.2,2,0.95,12.5,False,64.15,,36,200.373749,59.10644,-194.757462,168.380692,0,2493.3667,lateral error >200m
102,0.3,1.2,3,0.85,10,False,32.2833366,,35,177.227158,70.2545853,-172.517258,136.001419,0,1254.61011,projection advance >10m
103,0.3,1.2,3,0.85,12.5,False,11.7333336,,2,200.219864,70.8870544,-173.015717,113.079033,0,502.406982,lateral error >200m
104,0.3,1.2,3,0.9,10,False,32.81667,,31,169.208969,68.28851,-172.812,137.899872,0,1254.71875,projection advance >10m
105,0.3,1.2,3,0.9,12.5,False,13.0166674,,3,134.987442,52.2043648,-186.985123,168.322037,0,729.8157,projection advance >10m
106,0.3,1.2,3,0.95,10,False,21.9333344,,13,86.71883,36.1050262,-193.134171,172.1393,0,1131.719,projection advance >10m
107,0.3,1.2,3,0.95,12.5,False,66.71667,,37,157.127289,61.81425,-195.909637,168.380692,0,2642.2417,projection advance >10m
108,0.45,0.8,1.5,0.85,10,False,32.1000023,,32,177.659042,70.96616,-172.605469,138.3612,0,1252.92285,projection advance >10m
109,0.45,0.8,1.5,0.85,12.5,False,12.9333344,,5,129.055313,49.0669823,-186.505035,168.243973,0,731.81665,projection advance >10m
110,0.45,0.8,1.5,0.9,10,False,31.6000023,,21,160.164169,63.9050522,-172.721771,137.358688,0,1252.66211,projection advance >10m
111,0.45,0.8,1.5,0.9,12.5,False,22.1833344,,19,68.99015,31.4631157,-218.500458,163.727066,0,1145.71,projection advance >10m
112,0.45,0.8,1.5,0.95,10,True,128.933334,128.933334,66,179.41687,59.050354,-192.774216,168.106155,1,5737.333,
113,0.45,0.8,1.5,0.95,12.5,False,25.4833355,,20,200.057419,61.84507,-177.268585,168.490311,0,1109.72021,lateral error >200m
114,0.45,0.8,2,0.85,10,False,32.11667,,30,177.659042,70.99684,-172.605469,140.1264,0,1254.51245,projection advance >10m
115,0.45,0.8,2,0.85,12.5,False,12.9333344,,5,129.055313,49.0669823,-186.505035,168.243973,0,731.81665,projection advance >10m
116,0.45,0.8,2,0.9,10,False,31.6000023,,21,160.164169,63.9050522,-172.721771,137.358688,0,1252.66211,projection advance >10m
117,0.45,0.8,2,0.9,12.5,False,22.1833344,,19,68.99015,31.4631157,-218.500458,163.727066,0,1145.71,projection advance >10m
118,0.45,0.8,2,0.95,10,True,128.950012,128.950012,62,179.41687,58.6594467,-191.235672,168.106155,1,5736.919,
119,0.45,0.8,2,0.95,12.5,False,25.4833355,,20,200.057419,61.84507,-177.268585,168.490311,0,1109.72021,lateral error >200m
120,0.45,0.8,3,0.85,10,False,32.11667,,30,177.659042,70.99684,-172.605469,140.1264,0,1254.51245,projection advance >10m
121,0.45,0.8,3,0.85,12.5,False,12.9333344,,5,129.055313,49.0669823,-186.505035,168.243973,0,731.81665,projection advance >10m
122,0.45,0.8,3,0.9,10,False,31.6000023,,21,160.164169,63.9050522,-172.721771,137.358688,0,1252.66211,projection advance >10m
123,0.45,0.8,3,0.9,12.5,False,22.1833344,,19,68.99015,31.4631157,-218.500458,163.727066,0,1145.71,projection advance >10m
124,0.45,0.8,3,0.95,10,True,128.883347,128.883347,66,179.41687,59.08614,-192.57637,168.106155,1,5736.97754,
125,0.45,0.8,3,0.95,12.5,False,25.4833355,,20,200.057419,61.84507,-177.268585,168.490311,0,1109.72021,lateral error >200m
126,0.45,1,1.5,0.85,10,False,32.11667,,30,177.659042,70.99684,-172.605469,140.1264,0,1254.51245,projection advance >10m
127,0.45,1,1.5,0.85,12.5,False,12.9333344,,5,129.055313,49.0669823,-186.505035,168.243973,0,731.81665,projection advance >10m
128,0.45,1,1.5,0.9,10,False,31.6000023,,21,160.164169,63.9050522,-172.721771,137.358688,0,1252.66211,projection advance >10m
129,0.45,1,1.5,0.9,12.5,False,22.1833344,,19,68.99015,31.4631157,-218.500458,163.727066,0,1145.71,projection advance >10m
130,0.45,1,1.5,0.95,10,True,117.000008,117.000008,42,179.41687,50.73667,-176.4124,166.7611,1,5737.76074,
131,0.45,1,1.5,0.95,12.5,False,25.4833355,,20,200.057419,61.84507,-177.268585,168.490311,0,1109.72021,lateral error >200m
132,0.45,1,2,0.85,10,False,32.11667,,30,177.659042,70.99684,-172.605469,140.1264,0,1254.51245,projection advance >10m
133,0.45,1,2,0.85,12.5,False,12.9333344,,5,129.055313,49.0669823,-186.505035,168.243973,0,731.81665,projection advance >10m
134,0.45,1,2,0.9,10,False,31.6000023,,21,160.164169,63.9050522,-172.721771,137.358688,0,1252.66211,projection advance >10m
135,0.45,1,2,0.9,12.5,False,22.1833344,,19,68.99015,31.4631157,-218.500458,163.727066,0,1145.71,projection advance >10m
136,0.45,1,2,0.95,10,True,116.883339,116.883339,42,179.41687,50.82094,-176.4124,166.8521,1,5737.1377,
137,0.45,1,2,0.95,12.5,False,25.4833355,,20,200.057419,61.84507,-177.268585,168.490311,0,1109.72021,lateral error >200m
138,0.45,1,3,0.85,10,False,32.11667,,30,177.659042,70.99684,-172.605469,140.1264,0,1254.51245,projection advance >10m
139,0.45,1,3,0.85,12.5,False,12.9333344,,5,129.055313,49.0669823,-186.505035,168.243973,0,731.81665,projection advance >10m
140,0.45,1,3,0.9,10,False,31.5833359,,31,160.164169,63.8421974,-172.721771,131.93663,0,1250.7207,projection advance >10m
141,0.45,1,3,0.9,12.5,False,22.1833344,,19,68.99015,31.4631157,-218.500458,163.727066,0,1145.71,projection advance >10m
142,0.45,1,3,0.95,10,True,128.883347,128.883347,66,179.41687,59.08614,-192.57637,168.106155,1,5736.97754,
143,0.45,1,3,0.95,12.5,False,25.4833355,,20,200.057419,61.84507,-177.268585,168.490311,0,1109.72021,lateral error >200m
144,0.45,1.2,1.5,0.85,10,False,32.11667,,30,177.659042,70.99684,-172.605469,140.1264,0,1254.51245,projection advance >10m
145,0.45,1.2,1.5,0.85,12.5,False,12.9333344,,5,129.055313,49.0669823,-186.505035,168.243973,0,731.81665,projection advance >10m
146,0.45,1.2,1.5,0.9,10,False,31.5833359,,31,160.164169,63.8421974,-172.721771,131.93663,0,1250.7207,projection advance >10m
147,0.45,1.2,1.5,0.9,12.5,False,22.1833344,,19,68.99015,31.4631157,-218.500458,163.727066,0,1145.71,projection advance >10m
148,0.45,1.2,1.5,0.95,10,True,116.883339,116.883339,42,179.41687,50.8209419,-176.4124,166.8521,1,5737.12646,
149,0.45,1.2,1.5,0.95,12.5,False,25.4833355,,20,200.057419,61.84507,-177.268585,168.490311,0,1109.72021,lateral error >200m
150,0.45,1.2,2,0.85,10,False,32.11667,,30,177.659042,70.99684,-172.605469,140.1264,0,1254.51245,projection advance >10m
151,0.45,1.2,2,0.85,12.5,False,12.9333344,,5,129.055313,49.0669823,-186.505035,168.243973,0,731.81665,projection advance >10m
152,0.45,1.2,2,0.9,10,False,31.5833359,,31,160.164169,63.8421974,-172.721771,131.93663,0,1250.7207,projection advance >10m
153,0.45,1.2,2,0.9,12.5,False,22.1833344,,19,68.99015,31.4631157,-218.500458,163.727066,0,1145.71,projection advance >10m
154,0.45,1.2,2,0.95,10,True,116.883339,116.883339,42,179.41687,50.8209419,-176.4124,166.8521,1,5737.12646,
155,0.45,1.2,2,0.95,12.5,False,25.4833355,,20,200.057419,61.84507,-177.268585,168.490311,0,1109.72021,lateral error >200m
156,0.45,1.2,3,0.85,10,False,32.11667,,30,177.659042,70.99684,-172.605469,140.1264,0,1254.51245,projection advance >10m
157,0.45,1.2,3,0.85,12.5,False,12.9333344,,5,129.055313,49.0669823,-186.505035,168.243973,0,731.81665,projection advance >10m
158,0.45,1.2,3,0.9,10,False,31.5833359,,31,160.164169,63.8421974,-172.721771,131.93663,0,1250.7207,projection advance >10m
159,0.45,1.2,3,0.9,12.5,False,22.1833344,,19,68.99015,31.4631157,-218.500458,163.727066,0,1145.71,projection advance >10m
160,0.45,1.2,3,0.95,10,True,116.883339,116.883339,42,179.41687,50.82094,-176.4124,166.8521,1,5737.1377,
161,0.45,1.2,3,0.95,12.5,False,25.4833355,,20,200.057419,61.84507,-177.268585,168.490311,0,1109.72021,lateral error >200m
