plan_time,braking,recovery,theta,curvature_term,position_term,damping_term,raw_lateral,requested_a_lat,planner_lateral,cross_speed,pre_speed,planner_progress,segment,planner_segment,phi,omega,key,curvature_abs_share,position_abs_share,damping_abs_share,cancellation_fraction
0.4333334,True,False,120,19.2754631,-0.2955457,-2.50025272,22.0712624,22.07126,-0.9851523,-5.00050545,69.78512,28.1683674,14,14,94.60453,2.064215,1,0.8733285626892431,0.013390521413204659,0.11328091589755221,0.0
0.45,True,False,120,19.7380848,-0.319779724,-2.423493,22.4813576,22.48136,-1.06593239,-4.846986,70.12906,29.3360481,15,14,92.70432,2.142718,1,0.8779756640108848,0.014224217717218312,0.10780011827189694,0.0
0.4666667,True,False,120,20.2056026,-0.3444177,-2.62289762,23.1729183,23.17292,-1.14805889,-5.24579525,70.46689,30.5009136,15,15,90.73858,2.221156,1,0.8719489996795362,0.014862940488937786,0.11318805983152595,0.0
0.4833333,True,False,120,20.6827011,-0.3697468,-2.533706,23.586153,23.58615,-1.23248935,-5.067412,70.79797,31.6808758,16,15,88.70742,2.299528,1,0.8769001163856562,0.015676434639053213,0.10742344897529055,0.0
0.5,True,False,120,21.1604347,-0.3962715,-2.73063,24.2873363,24.28734,-1.320905,-5.46126,71.12166,32.8538971,17,16,86.61102,2.377834,1,0.8712538306279961,0.016315972107307508,0.11243019726469632,0.0
0.5166667,True,False,120,21.6404057,-0.42266956,-2.93083715,24.9939117,24.99391,-1.40889847,-5.86167431,71.43722,34.0297546,17,17,84.44946,2.456076,1,0.865827060006089,0.016910900265093794,0.11726203972881732,0.0
0.5333334,True,False,120,22.1277733,-0.4509026,-2.82273865,25.4014149,25,-1.5030086,-5.64547729,71.7439346,35.21263,18,17,82.22282,2.534252,1,0.871123663465427,0.017751082291596238,0.1111252542429768,0.0
0.55,True,False,120,22.6143417,-0.479033619,-3.019856,26.1132317,25,-1.59677863,-6.039712,72.0410156,36.39007,18,18,79.93112,2.612363,1,0.8660108518835734,0.018344478825623352,0.1156446692908032,0.0
0.5666667,True,False,120,23.1077118,-0.5080141,-2.89827919,26.5140057,25,-1.69338024,-5.79655838,72.32768,37.5918121,19,18,77.57431,2.690409,1,0.8715285269638605,0.019160217337048115,0.10931125569909135,0.0
0.5833334,True,False,120,23.5997238,-0.5378311,-3.089208,27.2267628,25,-1.79277039,-6.178416,72.60309,38.7855,19,19,75.15245,2.76839,1,0.8667840494545167,0.019753765880114967,0.11346218466536837,0.0
0.6,True,False,120,24.0932674,-0.567376,-2.95406175,27.614706,25,-1.89125335,-5.90812349,72.86639,39.9898949,20,19,72.66539,2.846307,-1,0.8724796179835366,0.020546154554903877,0.10697422746155956,0.0
0.6166667,True,False,120,24.5851612,-0.598800063,-3.14153457,28.3254967,25,-1.99600017,-6.283069,73.11671,41.19706,21,20,70.26622,2.763712,-1,0.8679516625215646,0.021139967558921988,0.11090836991951342,0.0
0.6333334,True,False,120,25.0709972,-0.6298932,-3.33327937,29.03417,25,-2.099644,-6.66655874,73.354,42.39299,21,21,67.95409,2.681185,0,0.8634997108098813,0.021694892775988614,0.11480539641413001,0.0
0.65,True,False,120,25.5589771,-0.661691666,-3.17991948,29.400589,25,-2.205639,-6.359839,73.57829,43.60607,22,21,65.69933,2.628993,0,0.8693355685996298,0.022506068942005752,0.10815836245836455,0.0
0.6666667,True,False,120,26.0389252,-0.6942669,-3.37033939,30.10353,25,-2.314223,-6.740679,73.78951,44.80677,23,22,63.50126,2.576844,0,0.8649790875415992,0.023062639685002616,0.11195827277339811,0.0
0.6833334,True,False,120,26.5149231,-0.7264357,-3.56229281,30.8036518,25,-2.42145228,-7.12458563,73.98761,46.0115547,23,23,61.35924,2.524738,0,0.8607720745482097,0.023582778730174062,0.11564514672161624,0.0
0.7,True,False,120,26.99598,-0.760367453,-3.39416242,31.1505089,25,-2.534558,-6.788325,74.17259,47.247364,24,23,59.27272,2.472676,0,0.8666304375132884,0.024409470538363665,0.10896009194834792,0.0
0.7166667,True,False,120,27.4639721,-0.7940101,-3.58625531,31.8442383,25,-2.64670014,-7.17251062,74.34452,48.45839,24,24,57.24117,2.420657,0,0.8624471567697461,0.02493418470926359,0.11261865852099029,0.0
0.7333333,True,False,120,27.9324684,-0.828111947,-3.40959859,32.1701775,25,-2.760373,-6.819197,74.50346,49.694458,25,24,55.26399,2.368681,1,0.8682720868510287,0.02574160214096791,0.10598631100800332,0.0
0.7500001,True,False,120,28.384222,-0.863232,-3.60525846,32.85271,25,-2.87744,-7.210517,74.64955,50.8981438,26,25,53.21642,2.446931,-1,0.863984124128544,0.026275821244624256,0.10974005462683187,0.0
0.7666667,True,False,120,28.827467,-0.8978413,-3.805771,33.53108,25,-2.992804,-7.611542,74.782074,52.1004372,26,26,51.25159,2.364669,-1,0.8597238025678463,0.02677639129856461,0.11349980613358902,0.0
0.7833334,True,False,120,29.27218,-0.934025943,-3.61871886,33.8249245,25,-3.11341977,-7.23743773,74.9014053,53.3427658,27,26,49.36892,2.282475,0,0.8654026629913982,0.027613540856036414,0.10698379615256523,0.0
0.8000001,True,False,120,29.6998367,-0.9701435,-3.81973577,34.4897156,25,-3.23381162,-7.63947153,75.00793,54.55566,27,27,47.53899,2.230615,0,0.861121521726466,0.028128486208580397,0.1107499920649535,0.0
0.8166667,True,False,120,30.1289978,-1.00640666,-3.626934,34.7623367,25,-3.354689,-7.253868,75.10184,55.8058624,28,27,45.76137,2.178797,0,0.8667137809117343,0.028951063265149506,0.10433515582311603,0.0
0.8333334,True,False,120,30.5354767,-1.04408526,-3.83094835,35.41051,25,-3.48028421,-7.66189671,75.18339,57.0173,29,28,44.03564,2.127023,0,0.8623280611512882,0.0294851797068044,0.10818675914190744,0.0
0.85,True,False,120,30.9308357,-1.08127844,-4.043345,36.0554581,25,-3.60426116,-8.08669,75.25283,58.2244263,29,29,42.36153,2.075293,0,0.857868307262388,0.029989312736290394,0.11214238000132148,0.0
0.8666667,True,False,120,31.3228722,-1.11971712,-3.844143,36.28673,25,-3.73239017,-7.688286,75.31043,59.46332,30,29,40.73868,2.023605,1,0.863204543296281,0.030857480087366544,0.10593797661635243,0.0
0.8833334,True,False,120,31.6929531,-1.1584965,-4.060366,36.9118156,25,-3.861655,-8.120732,75.3564758,60.6666641,30,30,39.04238,2.102142,-1,0.8586126849853465,0.031385519275296765,0.11000179573935669,0.0
0.9,True,False,120,32.06385,-1.19707692,-3.85767436,37.1186028,25,-3.99025631,-7.71534872,75.39038,61.917202,31,30,37.4259,2.020167,-1,0.863821612191956,0.0322500546550767,0.10392833315296733,0.0
0.9166667,True,False,120,32.4065437,-1.23754251,-4.076533,37.72062,25,-4.12514162,-8.153066,75.41267,63.1248741,32,31,35.88873,1.93826,0,0.8591201411510446,0.032808117573847224,0.10807174127510832,0.0
0.9333334,True,False,120,32.73609,-1.27752042,-4.300843,38.3144531,25,-4.25840139,-8.601686,75.42385,64.3291855,32,32,34.40182,1.886687,0,0.8544057680048199,0.03334304174970011,0.11225119024547997,0.0
0.95,True,False,120,33.0620651,-1.31846654,-4.09452772,38.47506,25,-4.3948884,-8.189055,75.42427,65.57994,33,32,32.96482,1.835156,0,0.859311607310279,0.03426808332284792,0.10642030936687293,0.0
0.9666667,True,False,120,33.359436,-1.36021817,-4.325922,39.045578,25,-4.53406048,-8.651844,75.4142761,66.77069,33,33,31.57755,1.783669,0,0.8543717181879147,0.03483667814447825,0.11079160366760699,0.0
0.9833334,True,False,120,33.65117,-1.40139806,-4.11791468,39.1704826,25,-4.67132664,-8.235829,75.3941956,67.98282,34,33,30.23977,1.732224,1,0.8590951054487822,0.035776890198213576,0.10512800435300432,0.0
1,True,False,120,33.9227867,-1.44495249,-4.35533,39.72307,25,-4.81650829,-8.71066,75.3643951,69.20296,35,34,28.82704,1.811004,-1,0.8539820157839118,0.03637565071038761,0.10964233350570059,0.0
1.016667,True,False,120,34.173748,-1.4879986,-4.595139,40.2568855,25,-4.95999527,-9.190278,75.32431,70.3931,35,35,27.49244,1.729272,-1,0.8488919967519792,0.03696258609732095,0.11414541715069979,0.0
1.033333,True,False,120,34.42226,-1.53185427,-4.38554239,40.3396568,25,-5.10618067,-8.771085,75.27453,71.64154,36,35,26.2358,1.647607,0,0.8533106835818073,0.037973904510668684,0.10871541190752418,0.0
1.05,True,False,120,34.6354027,-1.576824,-4.63272762,40.8449554,25,-5.25607967,-9.265455,75.21562,72.81614,37,36,25.02804,1.596276,0,0.8479726144054114,0.03860511111473805,0.11342227447985061,0.0
1.066667,True,False,120,34.8341064,-1.62117815,-4.88480949,41.3400955,25,-5.403927,-9.769619,75.1479645,73.9822159,37,37,23.86906,1.544988,0,0.8426228147012701,0.03921563769137473,0.11816154760735517,0.0
1.083333,True,False,120,35.0276527,-1.66792285,-4.674496,41.37007,25,-5.55974245,-9.348992,75.0719,75.22562,38,37,22.75867,1.493742,0,0.8466906482785621,0.04031713718416327,0.11299221453727461,0.0
1.1,True,False,120,35.1919632,-1.71425831,-4.92861938,41.8348427,25,-5.7141943,-9.857239,74.9878159,76.39729,38,38,21.69686,1.442539,1,0.8412118332787091,0.04097680960488052,0.11781135711641044,0.0
1.116667,True,False,120,35.35182,-1.76143491,-4.718244,41.8315,25,-5.87144947,-9.436488,74.89608,77.63831,39,38,20.55915,1.52156,-1,0.8451004845907876,0.04210786024640684,0.11279165516280566,0.0
1.133333,True,False,120,35.4768372,-1.80977166,-4.97687864,42.26349,25,-6.032572,-9.953757,74.7961655,78.80145,39,39,19.49868,1.440069,0,0.8394204855905466,0.04282116235675061,0.11775835205270269,0.0
1.15,True,False,120,35.5919762,-1.85743427,-4.766717,42.2161255,25,-6.19144726,-9.533434,74.68865,79.97979,40,39,18.48652,1.38891,0,0.8430895568356592,0.043998215405236935,0.11291222775910384,0.0
1.166667,True,False,120,35.6874924,-1.90781558,-5.030948,42.626255,25,-6.359385,-10.0618963,74.5739,81.17953,41,40,17.52256,1.337795,0,0.8372185541405366,0.04475681797845761,0.11802462788100586,0.0
1.183333,True,False,120,35.7596664,-1.95751,-5.29948235,43.01666,25,-6.525033,-10.5989647,74.45229,82.3189,41,41,16.60679,1.286722,0,0.8312980933229734,0.045505858820334345,0.12319604785669226,0.0
1.2,True,False,120,35.82553,-2.008409,-5.08977032,42.92371,25,-6.69469643,-10.1795406,74.32418,83.54728,42,41,15.7391,1.235691,0,0.8346326672962382,0.046790201308725105,0.11857713139503667,0.0
1.216667,True,False,120,35.86083,-2.060144,-5.357505,43.2784767,25,-6.86714649,-10.71501,74.18994,84.686264,42,42,14.91955,1.184703,1,0.8286065228863518,0.04760204257640385,0.12379143453724423,0.0
1.233333,True,False,120,35.8955727,-2.11162043,-5.14835167,43.1555443,25,-7.03873444,-10.2967033,74.04993,85.911644,43,42,14.02372,1.263939,-1,0.8317719742933242,0.048930454702543806,0.11929757100413202,0.0
1.25,True,False,120,35.88972,-2.1653986,-5.42220259,43.47732,25,-7.217995,-10.8444052,73.90363,87.02693,44,43,13.20481,1.182662,0,0.8254814008240878,0.04980524422231544,0.12471335495359669,0.0
1.266667,True,False,120,35.87316,-2.21836472,-5.6974144,43.78894,25,-7.39454842,-11.3948288,73.75161,88.1365662,44,44,12.43386,1.131719,0,0.8192287988912577,0.05066038969157835,0.13011081141716413,0.0
1.283333,True,False,120,35.8467255,-2.27325463,-5.48902559,43.609005,25,-7.577515,-10.9780512,73.59423,89.3521957,45,44,11.71088,1.080817,0,0.8220028158899286,0.05212810043402201,0.1258690836760495,0.0
1.3,True,False,120,35.7949638,-2.32820058,-5.76311159,43.8862762,25,-7.76066828,-11.5262232,73.43184,90.46244,45,45,11.03588,1.029958,0,0.8156300120900871,0.053050766521896796,0.13131922138801608,0.0
1.316667,True,False,120,35.7352028,-2.38375878,-5.55542374,43.6743851,25,-7.94586229,-11.1108475,73.26479,91.6710052,46,45,10.40893,0.9791416,0,0.8182187920487028,0.05458024795390525,0.1272009599973919,0.0
1.333333,True,False,120,35.6489372,-2.44062257,-5.829487,43.91905,25,-8.135408,-11.6589737,73.09344,92.76983,46,46,9.829948,0.9283673,1,0.8116965148786174,0.05557093674599349,0.13273254837538906,0.0
1.35,True,False,120,35.5608368,-2.49684334,-5.622454,43.6801338,25,-8.322811,-11.2449083,72.91811,93.9729843,47,46,9.174706,1.007817,0,0.8141192214754495,0.057161988834496746,0.12871878969005385,0.0
1.366667,True,False,120,35.4401741,-2.55559826,-5.900003,43.8957748,25,-8.518661,-11.8000059,72.73833,95.04714,48,47,8.567482,0.9570185,0,0.8073709556180853,0.05821968604133115,0.1344093583405836,0.0
1.383333,True,False,120,35.3125229,-2.613334,-6.17683268,44.1026878,25,-8.711113,-12.3536654,72.5544052,96.11539,48,48,8.008217,0.9062626,0,0.8006886481593124,0.05925566047983416,0.14005569136085327,0.0
1.4,True,False,120,35.1685867,-2.67304325,-5.97049856,43.81213,25,-8.910144,-11.9409971,72.36671,97.3071747,49,48,7.496971,0.8555491,0,0.8027134927254873,0.06101149021759774,0.13627501705691497,0.0
1.416667,True,False,120,35.0104752,-2.73255157,-6.243156,43.9861832,25,-9.108505,-12.4863119,72.17557,98.3742,49,49,7.033806,0.8048778,0,0.7959425663978799,0.06212295311662481,0.14193448048549542,0.0
1.433333,True,False,120,34.8397942,-2.79292679,-6.037423,43.6701431,25,-9.309755,-12.0748463,71.98131,99.5589142,50,49,6.618782,0.7542487,0,0.7977943513989316,0.06395506253974227,0.13825058606132618,0.0
1.45,True,False,120,34.65342,-2.8541007,-6.311575,43.8190956,25,-9.513669,-12.62315,71.78427,100.60556,50,50,6.25193,0.7036619,1,0.7908291909364985,0.06513371977231379,0.14403708929118775,0.0
1.466667,True,False,120,34.4573822,-2.91516542,-6.106311,43.47886,25,-9.717217,-12.2126217,71.5847855,101.770531,51,50,5.809059,0.7832985,0,0.7925088949816594,0.06704788286827389,0.14044322215006666,0.0
1.483333,True,False,120,34.2381134,-2.97783113,-6.376894,43.59284,25,-9.926104,-12.753788,71.3823547,102.8093,51,51,5.414345,0.7326874,0,0.7854068364104759,0.06831009932860181,0.1462830642609223,0.0
1.5,True,False,120,34.0083923,-3.03955531,-6.17217541,43.2201233,25,-10.13185,-12.3443508,71.17731,103.973724,52,51,5.067802,0.6821185,0,0.7868647732507079,0.07032731740706646,0.14280790934222568,0.0
1.516667,True,False,120,33.52846,-3.1036818,-6.438292,43.0704346,25,-10.3456059,-12.8765841,70.96997,105.008392,53,52,4.769569,0.6315917,0,0.7784565197483571,0.07206061156504999,0.14948286868659308,0.0
1.533333,True,False,120,33.03608,-3.16653943,-6.70023966,42.90286,25,-10.555131,-13.4004793,70.7606659,106.0298,53,53,4.519737,0.581107,0,0.7700204765071287,0.07380718901174751,0.15617233448112375,0.0
1.55,True,False,120,32.16015,-3.23149157,-6.49559,41.88723,25,-10.7716379,-12.99118,70.54972,107.18708,54,53,4.318291,0.5306644,1,0.767779315905742,0.07714741339731848,0.1550732706969395,0.0
1.566667,True,False,120,31.3150616,-3.295592,-6.75656748,41.36722,25,-10.9853067,-13.513135,70.33745,108.191795,54,54,4.041115,0.6104453,0,0.7570018188903687,0.07966674855017841,0.16333143255945295,0.0
1.583333,True,False,120,30.125515,-3.36111665,-6.55216646,40.0388,25,-11.203722,-13.1043329,70.12337,109.330017,55,54,3.812294,0.5599782,0,0.7524080747188042,0.0839464921191162,0.16364543316207947,0.0
1.6,True,False,120,28.9831676,-3.42628932,-6.80710459,39.21656,25,-11.4209642,-13.6142092,69.90778,110.318,55,55,3.632012,0.5095532,0,0.7390542792133741,0.08736842772730892,0.17357729305931693,0.0
1.616667,True,False,120,27.500576,-3.49231553,-6.60290241,37.5957947,25,-11.6410513,-13.2058048,69.6910248,111.459824,56,55,3.500343,0.4591702,0,0.7314801236513001,0.09289112328824516,0.17562875306045472,0.0
1.633333,True,False,120,26.0903854,-3.558484,-6.85118055,36.50005,25,-11.8616133,-13.7023611,69.47341,112.442436,56,56,3.41732,0.4088292,1,0.7148041012475381,0.09749257891084065,0.1877033198416212,0.0
1.65,True,False,120,24.349184,-3.624951,-6.64700365,34.62114,25,-12.083169,-13.2940073,69.25526,113.577911,57,56,3.258766,0.4887116,0,0.7033039625344616,0.10470340206444943,0.191992635401089,0.0
1.666667,True,False,120,22.7333641,-3.691946,-6.882262,33.30757,25,-12.3064861,-13.7645245,69.03608,114.54512,57,57,3.148857,0.438346,0,0.6825284062058669,0.11084404437872553,0.20662754941540754,0.0
1.683333,True,False,120,20.8131371,-3.75872779,-6.67818975,31.2500553,25,-12.5290918,-13.3563795,68.816185,115.661148,58,57,3.087669,0.3880223,1,0.6660192226787095,0.12027907897443599,0.21370169834685446,0.0
1.7,True,False,120,19.1949482,-3.82500219,-6.69757652,29.7175274,25,-12.7500067,-13.395153,68.5959,116.699516,58,58,2.951042,0.467922,0,0.6459133782609907,0.12871199550299325,0.22537462623601612,0.0
1.716667,True,False,120,17.5470161,-3.88994718,-6.493997,27.93096,25,-12.96649,-12.9879942,68.3747253,117.822411,59,58,2.863091,0.4175737,0,0.628228171323009,0.1392700838426025,0.23250174483438849,0.0
1.733333,True,False,120,16.3337574,-3.95405126,-6.43285751,26.7206669,25,-13.18017,-12.865715,68.1529846,118.883522,59,59,2.823982,0.3672674,1,0.6112780757815964,0.14797727103223637,0.24074465318616717,0.0
1.75,True,False,120,15.1638021,-4.016353,-6.229894,25.41005,25,-13.3878431,-12.4597883,67.93099,119.969681,60,59,2.709465,0.4471844,0,0.5967639826402381,0.15806159933787767,0.24517441802188408,0.0
1.766667,True,False,120,14.3817768,-4.07816935,-6.18233776,24.6422844,24.64228,-13.5938978,-12.3646755,67.70827,121.046707,61,60,2.643669,0.3968534,0,0.5836219099059963,0.1654947798221354,0.2508833102718684,0.0
1.783333,True,False,120,13.6711245,-4.138199,-6.145365,23.954689,23.95469,-13.7939949,-12.29073,67.4851151,122.0875,61,61,2.626778,0.3465643,0,0.5707076716944159,0.17275110882781886,0.2565412194777653,0.0
1.8,True,False,120,13.25557,-4.197631,-5.943119,23.39632,23.39632,-13.9921017,-11.8862381,67.26185,123.191696,62,61,2.658852,0.2963171,1,0.5665664514761296,0.17941415573047387,0.2540193927933966,0.0
1.816667,True,False,120,12.9456587,-4.25550127,-5.919249,23.120409,23.12041,-14.1850033,-11.8384981,67.0388,124.2144,62,62,2.615685,0.3762932,1,0.5599234302817784,0.18405821780755463,0.2560183519106669,0.0
1.833333,True,False,120,12.8824158,-4.312674,-5.717449,22.9125385,22.91254,-14.37558,-11.4348984,66.8154755,125.301926,63,62,2.4972,0.4562027,0,0.5622430544449313,0.1882233146507536,0.24953363090431516,0.0
1.85,True,False,120,12.9130783,-4.368493,-5.704489,22.9860611,22.98606,-14.5616436,-11.4089785,66.59139,126.3074,63,63,2.427422,0.4058641,0,0.5617786663511015,0.19004966240343502,0.2481716712454635,0.0
1.866667,True,False,120,13.1555128,-4.423523,-5.5033145,23.08235,23.08235,-14.7450752,-11.006629,66.36685,127.399437,64,63,2.406609,0.3555676,0,0.5699381834613263,0.1916409266174251,0.2384208899212486,0.0
1.883333,True,False,120,13.400075,-4.47741,-5.499869,23.3773537,23.37735,-14.9246988,-10.9997377,66.14219,128.398773,64,64,2.434792,0.3053129,1,0.5732075152731143,0.19152766390926876,0.23526482081761693,0.0
1.9,True,False,120,13.71785,-4.53039837,-5.29909563,23.5473442,23.54734,-15.1013269,-10.5981913,65.91771,129.4851,65,64,2.387764,0.3852815,0,0.5825646408359262,0.19239530241712188,0.22504005674695202,0.0
1.916667,True,False,120,13.991106,-4.582449,-5.30626774,23.8798218,23.87982,-15.2748289,-10.6125355,65.6929245,130.470566,65,65,2.389717,0.3350021,0,0.5858965601350189,0.19189627368230627,0.22220716618267497,0.0
1.933333,True,False,120,14.2927866,-4.633507,-5.10593653,24.03223,24.03223,-15.4450226,-10.2118731,65.46816,131.549713,66,65,2.440773,0.2847646,1,0.5947340934521917,0.19280387109042715,0.212462035457381,0.0
1.95,True,False,120,14.5497818,-4.68378639,-5.12279654,24.3563652,24.35637,-15.61262,-10.2455931,65.24373,132.521271,66,66,2.416664,0.3647503,1,0.5973708294029147,0.19230235882577867,0.21032681177130658,0.0
1.966667,True,False,120,14.8386946,-4.73300743,-4.9228096,24.49451,24.49451,-15.7766914,-9.845619,65.01915,133.594376,67,66,2.31736,0.4446694,0,0.6057967116938187,0.1932272625596332,0.200976025746548,0.0
1.983333,True,False,120,15.0813322,-4.781604,-4.94992447,24.81286,24.81286,-15.9386787,-9.899849,64.79392,134.551437,67,67,2.266884,0.3943405,0,0.6078030421632961,0.1927066799589618,0.19949027787774218,0.0
2,True,False,120,15.3588943,-4.829111,-4.750471,24.9384766,24.93848,-16.0970364,-9.500942,64.56838,135.6172,68,67,2.265419,0.3440535,0,0.6158713994888292,0.19364098038339256,0.1904876201277782,0.0
2.016667,True,False,120,15.585824,-4.876087,-4.788797,25.2507076,25,-16.253624,-9.577594,64.3428345,136.552719,68,68,2.313118,0.2938085,0,0.6172430491849972,0.19310694179347368,0.1896500090215292,0.0
2.033334,True,False,120,15.848999,-4.921981,-4.5896225,25.3606033,25,-16.4066029,-9.179245,64.11759,137.6008,69,68,2.410011,0.2436053,1,0.6249456810026497,0.19407981336405553,0.18097450563329479,0.0
2.05,True,False,120,16.06362,-4.96735,-4.63736439,25.668335,25,-16.5578327,-9.274729,63.8929863,138.52388,69,69,2.431969,0.3236253,1,0.6258146615955785,0.19352054264709928,0.18066479575732222,0.0
2.066667,True,False,120,16.3193111,-5.011734,-4.438367,25.769413,25,-16.70578,-8.876734,63.66852,139.575928,70,69,2.378777,0.4035787,0,0.6332822431754274,0.19448383147243004,0.1722339253521426,0.0
2.083333,True,False,120,16.5240746,-5.05556154,-4.49421358,26.0738487,25,-16.8518715,-8.988427,63.443718,140.488953,70,70,2.374641,0.353284,0,0.6337412686445444,0.19389394332982296,0.17236478802563263,0.0
2.1,True,False,120,16.7729244,-5.098516,-4.295584,26.1670246,25,-16.9950523,-8.591168,63.21889,141.534866,71,70,2.419655,0.3030313,1,0.6409947169996142,0.19484508143004597,0.16416020157033978,0.0
2.116667,True,False,120,16.9668865,-5.14086,-4.360843,26.46859,25,-17.1362,-8.721686,62.9943581,142.432587,71,71,2.389702,0.3830017,0,0.6410196697485524,0.1942249321596831,0.1647553980917646,0.0
2.133333,True,False,120,17.20653,-5.18248558,-4.16247559,26.55149,25,-17.2749519,-8.324951,62.7696381,143.470642,72,71,2.408775,0.3327242,0,0.6480438288694428,0.19518623443099073,0.15676993669956654,0.0
2.15,True,False,120,17.38952,-5.223358,-4.23690128,26.849781,25,-17.4111938,-8.473803,62.5450439,144.353073,72,72,2.477135,0.2824886,1,0.6476597002401876,0.19454007221172212,0.15780022754809028,0.0
2.166667,True,False,120,17.6227341,-5.26374674,-4.03868771,26.925169,25,-17.5458221,-8.077375,62.3208923,145.3851,73,72,2.470573,0.3624762,1,0.6545078470827252,0.19549540535745322,0.1499967475598217,0.0
2.183333,True,False,120,17.7946568,-5.303166,-4.124395,27.2222176,25,-17.67722,-8.24879,62.0967064,146.247772,73,73,2.388817,0.4423972,0,0.6536813763939542,0.19481021123855677,0.15150841236748902,0.0
2.2,True,False,120,18.0180016,-5.34243631,-3.926522,27.28696,25,-17.80812,-7.853044,61.8719978,147.260574,74,73,2.356163,0.3920702,0,0.6603154642154492,0.19578715722164888,0.143897378562902,0.0
2.216667,True,False,120,18.1788635,-5.380374,-4.020887,27.5801239,25,-17.93458,-8.041774,61.6470757,148.102753,74,74,2.372643,0.3417851,0,0.6591291311973592,0.1950815704258333,0.14578929837680757,0.0
2.233333,True,False,120,18.4032269,-5.418616,-3.82324743,27.64509,25,-18.0620518,-7.646495,61.4222679,149.120621,74,74,2.438408,0.2915419,1,0.6656960306629608,0.196006449438865,0.13829751989817426,0.0
2.25,True,False,120,18.561758,-5.454871,-3.626055,27.6426849,25,-18.1829033,-7.25211,61.19789,149.9621,75,74,2.429283,0.371522,1,0.6714889914452591,0.19733507064654066,0.13117593790820023,0.0
2.266667,True,False,120,18.7749119,-5.492402,-3.72876477,27.9960785,25,-18.3080063,-7.45752954,60.9734573,150.964981,75,75,2.34507,0.4514354,0,0.6706264874201399,0.19618468946101159,0.1331888231188486,0.0
2.283334,True,False,120,18.9809361,-5.527721,-3.531889,28.0405464,25,-18.4257355,-7.063778,60.74848,151.9616,76,75,2.309944,0.4011009,0,0.676910358033291,0.19713314356598782,0.12595649840072123,0.0
2.3,True,False,120,19.12529,-5.56391335,-3.64549923,28.3347015,25,-18.5463772,-7.29099846,60.5232849,152.7758,76,76,2.324043,0.3508083,0,0.6749776160876152,0.196363922800703,0.1286584611116818,0.0
2.316667,True,False,120,19.32691,-5.59840345,-3.44881821,28.3741322,25,-18.6613445,-6.89763641,60.2981834,153.765442,77,76,2.387489,0.3005576,1,0.6811454261081694,0.19730660014848186,0.12154797374334875,0.0
2.333333,True,False,120,19.4605312,-5.63316441,-3.571131,28.6648273,25,-18.7772141,-7.142262,60.0734978,154.55928,77,77,2.37606,0.3805302,0,0.6788993167400149,0.19651834935693688,0.12458233390304815,0.0
2.35,True,False,120,19.6608162,-5.66690731,-3.37452674,28.70225,25,-18.88969,-6.74905348,59.84874,155.551422,78,77,2.413933,0.3302547,0,0.6849921531849232,0.19743773608830548,0.11757011072677133,0.0
2.366667,True,False,120,19.7858143,-5.70025873,-3.504923,28.9909954,25,-19.0008621,-7.009846,59.6242332,156.331314,78,78,2.501228,0.2800212,1,0.6824813566089816,0.19662169330440904,0.12089695008660936,0.0
2.383333,True,False,120,19.9825783,-5.73335,-3.30827785,29.0242062,25,-19.111166,-6.61655569,59.40029,157.31723,79,78,2.513771,0.3600109,1,0.6884797536486627,0.19753684115835843,0.11398340519297889,0.0
2.4,True,False,120,20.0982857,-5.76524973,-3.447518,29.3110542,25,-19.2174988,-6.895036,59.17644,158.080368,79,79,2.451347,0.4399339,0,0.6856896408721125,0.19669200029840073,0.1176183588294868,0.0
2.416667,True,False,120,20.2907162,-5.797765,-3.251034,29.3395157,25,-19.325882,-6.502068,58.95219,159.057983,79,79,2.438103,0.3896089,0,0.691583213344984,0.19760943425540994,0.11080735239960612,0.0
2.433333,True,False,120,20.4518528,-5.8283124,-3.05513835,29.3353043,25,-19.4277077,-6.1102767,58.7278557,159.959579,80,79,2.474266,0.3393259,0,0.6971754277279331,0.198679123604978,0.10414544866708905,0.0
2.45,True,False,120,20.5803013,-5.86021233,-3.205402,29.645916,25,-19.53404,-6.410804,58.50376,160.763687,80,80,2.559883,0.2890848,1,0.6942035981231051,0.19767351439365885,0.10812288748323609,0.0
2.466667,True,False,120,20.75923,-5.89030838,-3.009412,29.65895,25,-19.6343613,-6.018824,58.2802238,161.721283,81,80,2.570808,0.3690669,1,0.6999313776794551,0.19860137680300471,0.10146724551754013,0.0
2.483333,True,False,120,20.8542423,-5.920671,-3.168644,29.9435577,25,-19.735569,-6.337288,58.05676,162.44043,81,81,2.506813,0.4489824,0,0.6964517305363715,0.19772770952634944,0.10582055993727907,0.0
2.5,True,False,120,21.0323753,-5.950397,-2.972765,29.9555378,25,-19.8346558,-5.94553,57.8328857,163.400375,82,81,2.492104,0.3986499,0,0.7021197813734426,0.19864097046257956,0.09923924816397801,0.0
2.516667,True,False,120,21.1173954,-5.97920752,-3.139925,30.2365284,25,-19.93069,-6.27985,57.6089249,164.104935,82,82,2.526833,0.3483593,0,0.6984067567503961,0.19774782130474192,0.10384542194486197,0.0
2.533334,True,False,120,21.2910118,-6.00864553,-2.94403338,30.24369,25,-20.0288181,-5.888067,57.3851929,165.058167,82,82,2.611,0.2981107,1,0.7039819314433136,0.1986743479033548,0.0973437206533316,0.0
2.55,True,False,120,21.4417,-6.03613138,-2.74862337,30.2264557,25,-20.1204376,-5.49724674,57.16201,165.958054,83,82,2.620583,0.3780853,1,0.7093686698404482,0.19969696843127127,0.09093436172828041,0.0
2.566667,True,False,120,21.5337925,-6.06504869,-2.92406726,30.52291,25,-20.2168274,-5.84813452,56.9388962,166.690292,83,83,2.555321,0.4579932,0,0.7054960878081066,0.19870480887937794,0.09579910331251543,0.0
2.583333,True,False,120,21.6958961,-6.092342,-2.72872257,30.51696,25,-20.307806,-5.457445,56.7153625,167.6325,84,83,2.539391,0.4076532,0,0.7109455077984999,0.19963790188284175,0.08941659031865837,0.0
2.6,True,False,120,21.75738,-6.1196146,-2.915974,30.7929688,25,-20.3987141,-5.831948,56.49173,168.290527,84,84,2.572899,0.3573551,0,0.7065697459256981,0.19873415517333395,0.09469609890096792,0.0
2.616667,True,False,120,21.9135761,-6.14681959,-2.720558,30.7809544,25,-20.489397,-5.441116,56.26832,169.215424,84,84,2.656059,0.307099,1,0.7119199853485761,0.1996955536825019,0.08838446096892198,0.0
2.633333,True,False,120,22.0012054,-6.17207,-2.52564263,30.6989174,25,-20.5735664,-5.05128527,56.04545,169.957047,85,84,2.664574,0.3870661,1,0.7166768997689004,0.20105171113745599,0.08227138909364357,0.0
2.65,True,False,120,22.1158428,-6.19943571,-2.721246,31.0365238,25,-20.6647854,-5.442492,55.8226433,170.777512,85,85,2.59832,0.4669666,0,0.7125747212086925,0.19974645382741021,0.08767882496389735,0.0
2.666667,True,False,120,22.26252,-6.22470427,-2.52633476,31.01356,25,-20.7490139,-5.05266953,55.5994072,171.701782,86,85,2.581474,0.4166191,0,0.7178318353744904,0.20070912416013675,0.08145904046537288,0.0
2.683333,True,False,120,22.302042,-6.25024557,-2.729308,31.2815952,25,-20.83415,-5.458616,55.3760757,172.322327,86,86,2.614082,0.3663136,0,0.7129445155728672,0.1998058428961397,0.08724964153099304,0.0
2.7,True,False,120,22.4450283,-6.275593,-2.53427482,31.2548962,25,-20.918642,-5.06854963,55.1529579,173.2392,86,86,2.696419,0.31605,1,0.7181283922309194,0.20078751744704246,0.08108409032203814,0.0
2.716667,True,False,120,22.5142212,-6.298987,-2.3397603,31.15297,25,-20.9966221,-4.67952061,54.93038,173.956039,87,86,2.704201,0.3960096,1,0.7226990647777274,0.2021954023418346,0.07510553288043802,0.0
2.733334,True,False,120,22.6062088,-6.32469559,-2.55340052,31.4843044,25,-21.0823174,-5.106801,54.70785,174.739075,87,87,2.637321,0.4759026,0,0.7180151781854917,0.20088407884752632,0.08110074296698201,0.0
2.75,True,False,120,22.7334518,-6.34828138,-2.35883069,31.4405632,25,-21.1609364,-4.71766138,54.4848976,175.635376,88,87,2.619835,0.4255477,0,0.7230611987112558,0.20191372541054875,0.07502507587819543,0.0
2.766667,True,False,120,22.7451668,-6.37184525,-2.58158183,31.6985931,25,-21.2394829,-5.16316366,54.261837,176.2069,88,88,2.65197,0.3752348,0,0.7175449764776758,0.2010134983943332,0.08144152512799095,0.0
2.783334,True,False,120,22.8680935,-6.39572048,-2.38682151,31.6506348,25,-21.319067,-4.773643,54.0389862,177.1055,88,88,2.733849,0.3249637,1,0.7225160931515944,0.20207241911527252,0.07541148773313303,0.0
2.8,True,False,120,22.9703941,-6.417643,-2.19259715,31.5806351,25,-21.3921432,-4.3851943,53.8166733,177.955032,89,88,2.741234,0.4049159,1,0.7273569592732293,0.2032145063710999,0.06942853435567084,0.0
2.816667,True,False,120,22.986578,-6.44127131,-2.421342,31.8491917,25,-21.4709034,-4.842684,53.5944138,178.553146,89,89,2.674019,0.4848015,0,0.7217319201691216,0.2022428528029084,0.07602522702797002,0.0
2.833333,True,False,120,23.0985241,-6.46353674,-2.22700787,31.7890682,25,-21.5451221,-4.45401573,53.3717232,179.44104,90,89,2.656319,0.4344392,0,0.7266184583989972,0.20332576581479853,0.07005577578620421,0.0
2.85,True,False,120,23.0851936,-6.48482275,-2.46712875,32.0371437,25,-21.6160755,-4.93425751,53.1489258,179.970871,90,90,2.688271,0.3841188,0,0.7205758667928249,0.20241574989776479,0.07700838330941044,0.0
2.866667,True,False,120,23.1873627,-6.507548,-2.27254081,31.9674511,25,-21.6918259,-4.54508162,52.92634,180.841614,90,90,2.769966,0.3338403,1,0.7253428598381254,0.20356793215012214,0.07108920801175246,0.0
2.883333,True,False,120,23.2848072,-6.528332,-2.07850385,31.8916435,25,-21.7611065,-4.15700769,52.7042923,181.7092,91,90,2.777351,0.4137852,1,0.7301225328370154,0.20470353282723075,0.06517393433575383,0.0
2.9,True,False,120,23.2565956,-6.5494175,-2.32637215,32.1323853,25,-21.83139,-4.65274429,52.482296,182.211563,91,91,2.710197,0.4936634,0,0.7237743298250789,0.2038260605007529,0.07239960967416822,0.0
2.916667,True,False,120,23.3475857,-6.57073545,-2.13215375,32.0504761,25,-21.90245,-4.2643075,52.25987,183.0811,91,91,2.692619,0.4432936,0,0.7284630188116183,0.2050121088845395,0.06652487230384221,0.0
2.933333,True,False,120,23.4333687,-6.59012175,-1.93863761,31.9621277,25,-21.9670715,-3.87727523,52.0373268,183.947418,92,91,2.724754,0.3929659,0,0.7331604659117307,0.20618532463260522,0.06065420945566414,0.0
2.95,True,False,120,23.38898,-6.611041,-2.19367456,32.1936951,25,-22.0368023,-4.387349,51.8150063,184.422684,92,92,2.806755,0.3426801,1,0.7265080815717324,0.20535203818644795,0.0681398802418196,0.0
2.966667,True,False,120,23.4645977,-6.63103342,-1.99970508,32.0953369,25,-22.1034431,-3.99941015,51.5932236,185.2721,92,92,2.814476,0.4226175,1,0.7310905719691448,0.2066042673203093,0.06230516071054586,0.0
2.983334,True,False,120,23.4822235,-6.64910126,-1.8064158,31.93774,25,-22.16367,-3.61283159,51.3714943,185.953,93,92,2.747765,0.5024884,0,0.735249992274344,0.20818946936802346,0.056560538357632646,0.0
3,True,False,120,23.4764938,-6.669636,-2.070009,32.2161369,25,-22.2321186,-4.140018,51.14934,186.57428,93,93,2.730736,0.4521113,0,0.728718421091481,0.20702778943825506,0.06425378947026389,0.0
3.016667,True,False,120,23.5393314,-6.688401,-1.87650573,32.1042366,25,-22.29467,-3.75301147,50.9270821,187.42215,93,93,2.763481,0.4017762,0,0.7332156989579369,0.20833389575907685,0.058450405282986236,0.0
3.033334,True,False,120,23.4997158,-6.705237,-1.68366289,31.8886147,25,-22.3507881,-3.36732578,50.70504,187.9525,94,93,2.846214,0.351483,1,0.7369311991604989,0.21027055753011897,0.052798243309382105,0.0
3.05,True,False,120,23.5248737,-6.725337,-1.95024216,32.2004547,25,-22.41779,-3.90048432,50.4835434,188.699158,94,94,2.854713,0.4314132,1,0.7305758649507391,0.20885846013533363,0.06056567491392728,0.0
3.066667,True,False,120,23.5745754,-6.742908,-1.75692332,32.0744057,25,-22.4763584,-3.51384664,50.262104,189.536255,94,94,2.788887,0.5112767,0,0.734996460130939,0.21022705295420036,0.0547764869148607,0.0
3.083333,True,False,120,23.492754,-6.75855064,-1.56441748,31.8157215,25,-22.5285015,-3.128835,50.0402451,189.952,95,94,2.772804,0.4608923,0,0.7384007790674029,0.21242801324793567,0.04917120768466153,0.0
3.1,True,False,120,23.5272236,-6.778122,-1.84100461,32.14635,25,-22.5937386,-3.68200922,49.81829,190.76532,95,95,2.806572,0.4105498,0,0.7318785319734746,0.21085199270589292,0.05726947532063236,0.0
3.116667,True,False,120,23.5596581,-6.794603,-1.64808214,32.0023422,25,-22.6486759,-3.29616427,49.5965576,191.58252,96,95,2.890404,0.3602494,1,0.736185407528302,0.2123157966603948,0.05149879581130322,0.0
3.133333,True,False,120,23.46103,-6.810495,-1.93168652,32.20321,25,-22.7016487,-3.863373,49.3753777,191.96196,96,96,2.900169,0.4401722,1,0.7285307549350903,0.21148496309973,0.059984281965179596,0.0
3.15,True,False,120,23.4846668,-6.82787848,-1.73821187,32.05076,25,-22.759594,-3.47642374,49.1542625,192.780533,96,96,2.835686,0.5200284,0,0.7327336040796154,0.21303329740526897,0.05423309851511574,0.0
3.166667,True,False,120,23.5037384,-6.84333658,-1.54556251,31.8926373,25,-22.811121,-3.091125,48.93274,193.59584,96,96,2.820976,0.4696367,0,0.73696439836215,0.21457418133403805,0.048461420303811946,0.0
3.183333,True,False,120,23.390728,-6.85686827,-1.3536824,31.6012783,25,-22.856226,-2.7073648,48.7111244,193.950989,97,96,2.856285,0.419287,0,0.7401829604510747,0.2169807222550593,0.042836317293866014,0.0
3.2,True,False,120,23.39747,-6.87465572,-1.64156008,31.9136868,25,-22.9155178,-3.28312016,48.48975,194.753525,97,97,2.941765,0.3689792,1,0.7331484726217364,0.21541403155633,0.05143749582193355,0.0
3.216667,True,False,120,23.3998814,-6.889139,-1.44905746,31.7380772,25,-22.9637966,-2.898115,48.2689323,195.54924,97,97,2.95327,0.4488948,1,0.7372809879419712,0.21706226288777528,0.04565674917025362,0.0
3.233334,True,False,120,23.2937927,-6.90171576,-1.25729954,31.4528084,25,-23.0057182,-2.514599,48.0482,195.950485,98,97,2.890587,0.5287437,0,0.7405950114215558,0.21943082983242707,0.03997415874601721,0.0
3.25,True,False,120,23.2659645,-6.91820669,-1.5507971,31.7349682,25,-23.060688,-3.10159421,47.82707,196.675079,98,98,2.8778,0.4783447,0,0.7331333779000917,0.21799948330750324,0.04886713879240495,0.0
3.266667,True,False,120,23.2531185,-6.93179,-1.35867071,31.54358,25,-23.1059647,-2.71734142,47.6058578,197.46846,98,98,2.915154,0.4279878,0,0.7371743816766443,0.2197528046469271,0.0430728136764287,0.0
3.283334,True,False,120,23.1591454,-6.943467,-1.16726708,31.26988,25,-23.14489,-2.33453417,47.3849,197.949966,99,98,3.002739,0.3776728,1,0.7406215113432859,0.22204968856502932,0.03732880009168491,0.0
3.3,True,False,120,23.0939751,-6.95851326,-1.461503,31.5139923,25,-23.1950436,-2.923006,47.1645126,198.567139,99,99,3.016472,0.457581,1,0.7328165714138217,0.22080710692940927,0.046376321656769026,0.0
3.316667,True,False,120,23.066925,-6.971205,-1.26946378,31.3075943,25,-23.23735,-2.53892756,46.94422,199.349945,99,99,2.956169,0.5374227,0,0.7367837069208325,0.22266818232621133,0.04054811075295611,0.0
3.333333,True,False,120,22.9933357,-6.981995,-1.07830369,31.0536346,25,-23.2733154,-2.15660739,46.72355,199.949463,100,99,2.945885,0.4870165,0,0.7404394413622772,0.22483664592407152,0.03472391271365129,0.0
3.35,True,False,120,22.8799286,-6.995371,-1.38000536,31.2553043,25,-23.3179016,-2.76001072,46.5028152,200.4052,100,100,2.985786,0.4366523,0,0.7320334461391863,0.22381387764261315,0.044152676218200626,0.0
3.366667,True,False,120,22.8348656,-7.00725269,-1.18827367,31.0303917,25,-23.3575077,-2.37654734,46.28235,201.1682,100,100,3.076088,0.3863301,1,0.7358871144597684,0.2258190195932027,0.03829386594702879,0.0
3.383333,True,False,120,22.7874088,-7.017226,-0.997214854,30.80185,25,-23.3907528,-1.99442971,46.0624733,201.927841,101,100,3.092659,0.4662312,1,0.7398065069459481,0.22781833165297352,0.03237516140107837,0.0
3.4,True,False,120,22.62345,-7.02847576,-1.30445349,30.9563789,25,-23.4282513,-2.608907,45.84272,202.180252,101,101,3.035301,0.5460657,0,0.7308170576828684,0.227044503597752,0.042138438719379626,0.0
3.416667,True,False,120,22.56241,-7.039601,-1.1128962,30.7149067,25,-23.4653358,-2.22579241,45.6225967,202.9332,101,101,3.028038,0.4956523,0,0.7345752293205691,0.2291916740676332,0.036233096611797674,0.0
3.433333,True,False,120,22.4986916,-7.0488205,-0.9221705,30.4696827,25,-23.496067,-1.844341,45.40243,203.68277,101,101,3.071098,0.4452809,0,0.7383959949750183,0.23133882267615088,0.0302651823488309,0.0
8.883334,True,False,120,3.39169836,-5.46877766,-12.955925,21.8164,21.8164,-18.2292576,-25.91185,38.639637,426.825928,213,213,76.12503,2.883126,-1,0.15546553058365076,0.2506727693072081,0.5938617001091411,0.0
8.900001,True,False,120,3.4642992,-5.598162,-12.9386473,22.0011082,22.00111,-18.66054,-25.8772945,38.9083633,427.3092,213,213,73.87564,2.800501,-1,0.15746021160706516,0.2544490883266177,0.588090700066317,0.0
8.916667,True,False,120,3.53619838,-5.727284,-12.9117546,22.1752377,22.17524,-19.0909462,-25.82351,39.1656036,427.798981,214,213,71.71922,2.717944,1,0.1594660919831126,0.2582738576893441,0.5822600503275434,0.0
8.933333,True,False,120,3.60327482,-5.856534,-12.9443407,22.40415,22.40415,-19.52178,-25.8886814,39.4114151,428.203827,214,214,69.5011,2.795902,-1,0.1608306897248381,0.2614039865593613,0.5777653237158007,0.0
8.950001,True,False,120,3.67452669,-5.985526,-12.8995447,22.559597,22.5596,-19.9517536,-25.79909,39.6450577,428.70224,214,214,67.3743,2.713349,-1,0.1628808629195133,0.2653206037556861,0.5717985333248006,0.0
8.966667,True,False,120,3.74480438,-6.113984,-12.8455954,22.7043839,22.70438,-20.3799458,-25.69119,39.8666573,429.20697,214,214,65.33749,2.630865,0,0.16493750353615633,0.269286498116092,0.5657759983477517,0.0
8.983334,True,False,120,3.814068,-6.24181271,-12.7828636,22.8387451,22.83875,-20.8060417,-25.5657272,40.0763931,429.717957,215,214,63.36055,2.578714,0,0.1669998993040086,0.2732992946230851,0.5597008060729062,0.0
9,True,False,120,3.877106,-6.36935425,-12.7857428,23.0322037,23.0322,-21.23118,-25.5714855,40.2743225,430.136047,215,215,61.44255,2.526607,0,0.1683341359740227,0.2765412512286791,0.5551246127972982,0.0
9.016667,True,False,120,3.94561052,-6.496429,-12.7071562,23.1491966,23.1492,-21.6547623,-25.4143124,40.4605331,430.659882,215,215,59.58251,2.474544,0,0.1704426610636475,0.2806330327229183,0.5489243062134341,0.0
9.033334,True,False,120,4.012972,-6.622629,-12.6206274,23.25623,23.25623,-22.07543,-25.2412548,40.6351471,431.189758,215,215,57.77968,2.422523,1,0.1725547208678085,0.28476797209301574,0.5426773070391757,0.0
9.05,True,False,120,4.07913351,-6.747893,-12.526453,23.35348,23.35348,-22.4929752,-25.052906,40.79831,431.725525,216,215,55.90898,2.500727,-1,0.17466919686436055,0.28894593617668585,0.5363848669589537,0.0
9.066668,True,False,120,4.137418,-6.872611,-12.5042915,23.51432,23.51432,-22.9087029,-25.0085831,40.9493828,432.1533,216,216,54.12354,2.418421,-1,0.17595311759061888,0.2922734254642825,0.5317734569450987,0.0
9.083334,True,False,120,4.20199347,-6.99657059,-12.3958664,23.59443,23.59443,-23.3219013,-24.7917328,41.0887337,432.695343,216,216,52.4225,2.336182,0,0.17809260016357267,0.29653483697609884,0.5253725628603285,0.0
9.1,True,False,120,4.265192,-7.11937666,-12.2804937,23.665062,23.66506,-23.7312546,-24.5609875,41.2167625,433.24295,216,216,50.77621,2.284277,0,0.18023159775016118,0.3008391252766595,0.5189292769731793,0.0
9.116667,True,False,120,4.32696724,-7.240961,-12.1584864,23.7264137,23.72642,-24.1365356,-24.3169727,41.3336945,433.795868,217,216,49.18399,2.232415,1,0.18236919929339984,0.3051856384484057,0.5124451622581944,0.0
9.133334,True,False,120,4.38037968,-7.361868,-12.1153126,23.85756,23.85756,-24.5395584,-24.2306252,41.4397774,434.23645,217,217,47.52101,2.310778,-1,0.18360551659895039,0.3085758943328131,0.5078185890682364,0.0
9.150001,True,False,120,4.441346,-7.48168325,-11.9813871,23.904417,23.90442,-24.9389439,-23.9627743,41.53442,434.806854,217,217,45.94054,2.228629,-1,0.18579604433638475,0.3129833056978193,0.501220649965796,0.0
9.166667,True,False,120,4.50071955,-7.600091,-11.8414717,23.9422817,23.94228,-25.3336353,-23.6829433,41.61808,435.3823,217,217,44.44186,2.146549,0,0.18798206048214142,0.31743385699999427,0.4945840825178644,0.0
9.183333,True,False,120,4.553257,-7.71705341,-11.6959658,23.9662762,23.96628,-25.72351,-23.3919315,41.691246,435.889832,218,217,42.99561,2.094802,0,0.18998600200143484,0.32199634780058306,0.4880176501979821,0.0
9.200001,True,False,120,4.60716963,-7.8334074,-11.6345682,24.0751457,24.07515,-26.1113567,-23.2691364,41.7542152,436.412323,218,218,41.60127,2.043098,1,0.19136622379577645,0.325373214789118,0.48326056141510554,0.0
9.216667,True,False,120,4.66418743,-7.948203,-11.4794884,24.0918789,24.09188,-26.494009,-22.9589767,41.8072968,437.0003,218,218,40.1342,2.121619,-1,0.1935999870708299,0.3299121274884812,0.476487885440689,0.0
9.233334,True,False,120,4.71942854,-8.06139851,-11.3193827,24.10021,24.10021,-26.8713264,-22.6387653,41.8499222,437.592651,219,218,38.74763,2.039628,0,0.19582520604410925,0.3344949522690358,0.46967984168685506,0.0
9.250001,True,False,120,4.7620635,-8.173301,-11.2500715,24.1854362,24.18544,-27.2443352,-22.5001431,41.88261,438.037659,219,219,37.4122,1.98797,0,0.19689798025555544,0.3379430910404096,0.4651589287040349,0.0
9.266667,True,False,120,4.81606531,-8.28412,-11.0816154,24.1818,24.1818,-27.6137314,-22.16323,41.9057045,438.6239,219,219,36.12759,1.936355,0,0.19916073942369364,0.3425766384955043,0.45826262208080204,0.0
9.283334,True,False,120,4.868342,-8.393211,-10.9090662,24.17062,24.17062,-27.9773712,-21.8181324,41.91953,439.213928,219,219,34.89355,1.884783,0,0.2014156923211963,0.34724848919054585,0.4513358184882578,0.0
9.3,True,False,120,4.91888857,-8.500543,-10.7327032,24.1521339,24.15213,-28.3351421,-21.4654064,41.924427,439.807556,220,219,33.70987,1.833254,1,0.20366268310616917,0.35195824638071943,0.4443790705131114,0.0
9.316668,True,False,120,4.956192,-8.60681,-10.6541634,24.217165,24.21716,-28.6893654,-21.3083267,41.92075,440.247681,220,220,32.45195,1.911949,-1,0.20465615682667798,0.35540121471028974,0.4399426284630323,0.0
9.333334,True,False,120,5.005811,-8.711528,-10.4712744,24.1886139,24.18861,-29.0384254,-20.9425488,41.90794,440.8497,220,220,31.27299,1.830133,0,0.20694906802719,0.36014995386217546,0.4329009781106345,0.0
9.35,True,False,120,5.05357075,-8.814377,-10.2851477,24.1530952,24.1531,-29.3812561,-20.5702953,41.88657,441.4548,221,220,30.14391,1.77865,0,0.20923076963205559,0.3649377786067583,0.4258314517611862,0.0
9.366667,True,False,120,5.0844636,-8.915484,-10.202632,24.20258,24.20258,-29.7182789,-20.4052639,41.856987,441.890625,221,221,29.06444,1.727209,0,0.21007940822969137,0.36836916342586884,0.42155142834443976,0.0
9.383334,True,False,120,5.13056135,-9.015603,-10.0112705,24.1574345,24.15743,-30.0520077,-20.022541,41.81956,442.496765,221,221,28.03453,1.675812,0,0.21238022090743627,0.37320199996317077,0.4144177791293929,0.0
9.400001,True,False,120,5.17485046,-9.113773,-9.81737,24.1059952,24.106,-30.3792439,-19.63474,41.77465,443.105469,221,221,27.05397,1.624457,1,0.2146706987449751,0.3780708318502962,0.4072584694047287,0.0
9.416667,True,False,120,5.21734858,-9.20999,-9.621153,24.04849,24.04849,-30.6999626,-19.2423058,41.7226067,443.7166,222,221,25.9984,1.703326,-1,0.2169511781079452,0.382975787456853,0.40007303443520176,0.0
9.433333,True,False,120,5.243116,-9.304853,-9.533325,24.081295,24.0813,-31.0161762,-19.06665,41.6629066,444.151337,222,222,25.02098,1.621684,0,0.21772567537276027,0.38639339729833455,0.3958809273289052,0.0
9.450001,True,False,120,5.28588724,-9.398184,-9.333176,24.0172462,24.01725,-31.3272781,-18.6663513,41.59611,444.775818,222,222,24.0927,1.570374,0,0.22008713934528323,0.39130979108828123,0.3886030695664354,0.0
9.466667,True,False,120,5.32677031,-9.489499,-9.131172,23.9474411,23.94744,-31.6316624,-18.2623444,41.5225945,445.402283,222,222,23.21349,1.519107,0,0.22243588536432246,0.3962635872934519,0.3813005273422257,0.0
9.483334,True,False,120,5.35222244,-9.578773,-8.92751,23.8585052,23.85851,-31.9292412,-17.85502,41.4427223,445.8873,223,222,22.38338,1.467883,1,0.22433184062848824,0.40148252471593204,0.37418563465557964,0.0
9.500001,True,False,120,5.3876,-9.667228,-8.837417,23.8922443,23.89224,-32.22409,-17.6748333,41.3568535,446.464844,223,223,21.47791,1.546883,-1,0.22549576232790178,0.404617816366775,0.3698864213053231,0.0
9.516667,True,False,120,5.42643,-9.753535,-8.631113,23.811079,23.81108,-32.5117836,-17.2622261,41.2644653,447.0988,223,223,20.6503,1.46537,0,0.22789518391397484,0.40962173153185255,0.3624830845541726,0.0
9.533334,True,False,120,5.463305,-9.837769,-8.42355,23.7246227,23.72462,-32.79256,-16.8471,41.1661263,447.7341,224,223,19.87161,1.414191,0,0.23027994036912874,0.4146649068073745,0.35505515282349687,0.0
9.55,True,False,120,5.47847366,-9.920631,-8.335001,23.7341061,23.73411,-33.06877,-16.670002,41.0622,448.149628,224,224,19.14191,1.363054,0,0.23082705278560728,0.4179905129823207,0.3511824342320721,0.0
9.566668,True,False,120,5.514507,-10.0018864,-8.125596,23.6419888,23.64199,-33.33962,-16.2511921,40.9530525,448.770264,224,224,18.46115,1.31196,1,0.2332505487038244,0.42305603943803477,0.34369341185814084,0.0
9.583334,True,False,120,5.54870224,-10.0810356,-7.91535854,23.5450974,23.5451,-33.60345,-15.8307171,40.8390465,449.3918,224,224,17.70505,1.39109,0,0.2356627533159412,0.4281586041229023,0.3361786425611565,0.0
9.6,True,False,120,5.567599,-10.1580839,-7.704335,23.4300175,23.43002,-33.86028,-15.40867,40.7196541,449.8863,225,224,16.99786,1.339972,0,0.23762674974311482,0.4335499846118342,0.32882326564505104,0.0
9.616667,True,False,120,5.59043741,-10.2343159,-7.62015533,23.4449081,23.44491,-34.1143837,-15.2403107,40.5952377,450.403351,225,225,16.33961,1.288897,0,0.2384499549920191,0.4365261582866206,0.32502388672136023,0.0
9.633334,True,False,120,5.622177,-10.3083944,-7.40806532,23.3386364,23.33864,-34.3613129,-14.8161306,40.46616,451.0192,225,225,15.73036,1.237865,0,0.24089569015751836,0.44168794105982384,0.3174163687826579,0.0
9.650001,True,False,120,5.652004,-10.38035,-7.19554424,23.2278976,23.2279,-34.6011658,-14.3910885,40.33278,451.635376,226,225,15.17015,1.186875,1,0.24332825732234653,0.4468914876734022,0.3097802550042513,0.0
9.666667,True,False,120,5.655165,-10.4507027,-7.114518,23.2203865,23.22039,-34.8356743,-14.2290363,40.1954536,452.0148,226,226,14.53481,1.266109,0,0.24354311220592686,0.45006585312663433,0.3063910346674388,0.0
9.683333,True,False,120,5.68578672,-10.5197153,-6.90143,23.1069317,23.10693,-35.0657158,-13.80286,40.05366,452.6413,226,226,13.94847,1.215096,0,0.24606411249570984,0.4552623122314443,0.29867357527284577,0.0
9.700001,True,False,120,5.7143755,-10.5865946,-6.688151,22.98912,22.98912,-35.2886467,-13.3763018,39.9077568,453.267761,226,226,13.41124,1.164125,0,0.24856868060084297,0.4605045383835922,0.2909267810155648,0.0
9.716667,True,False,120,5.74001741,-10.6513424,-6.47477674,22.8661366,22.86614,-35.5044746,-12.9495535,39.7581024,453.885284,227,226,12.9232,1.113196,0,0.2510269890783102,0.46581294468828843,0.2831600662334014,0.0
9.733334,True,False,120,5.74068451,-10.7150421,-6.39572334,22.85145,22.85145,-35.7168045,-12.7914467,39.60505,454.267578,227,227,12.48454,1.06231,1,0.2512175167247976,0.46889987827665175,0.27988260499855067,0.0
9.750001,True,False,120,5.768633,-10.776865,-6.18232155,22.72782,22.72782,-35.9228821,-12.3646431,39.4489479,454.896759,227,227,11.97102,1.141648,0,0.25381374519052796,0.47417065135929415,0.27201560345017783,0.0
9.766667,True,False,120,5.794499,-10.8365536,-5.96902227,22.6000748,22.60007,-36.1218452,-11.9380445,39.2892876,455.525452,227,227,11.50676,1.090739,0,0.25639291167534084,0.4794919336477402,0.264115154676919,0.0
9.783334,True,False,120,5.787635,-10.8941154,-5.75589943,22.4376488,22.43765,-36.3137169,-11.5117989,39.12642,455.8848,228,227,11.09193,1.039871,0,0.25794301292026184,0.48552836337761857,0.25652862370211976,0.0
9.8,True,False,120,5.8146224,-10.9512215,-5.68159246,22.4474373,22.44744,-36.50407,-11.3631849,38.96069,456.512665,228,228,10.72667,0.9890465,0,0.2590328047598929,0.4878606770220954,0.2531065182180118,0.0
9.816668,True,False,120,5.840051,-11.0059137,-5.468819,22.314785,22.31479,-36.68638,-10.9376383,38.79245,457.142883,228,228,10.41112,0.9382639,1,0.2617121939658326,0.4932117580866357,0.24507604794753174,0.0
9.833334,True,False,120,5.863623,-11.0584679,-5.25636339,22.1784554,22.17845,-36.861557,-10.5127268,38.6220474,457.7722,229,228,10.02113,1.017705,0,0.2643837538598818,0.49861310240119533,0.2370031437389228,0.0
9.85,True,False,120,5.85194445,-11.1097622,-5.188491,22.150198,22.1502,-37.03254,-10.3769817,38.44898,458.102631,229,229,9.680862,0.9668987,0,0.26419378023021844,0.501564923959042,0.23424129581073966,0.0
9.866667,True,False,120,5.875163,-11.1595287,-4.976595,22.0112877,22.01129,-37.19843,-9.95319,38.2735825,458.7143,229,229,9.390488,0.9161346,0,0.26691592727289315,0.5069912019273276,0.22609287079977927,0.0
9.883334,True,False,120,5.896468,-11.2071753,-4.765144,21.8687878,21.86879,-37.35725,-9.530288,38.0962143,459.324768,229,229,9.150162,0.8654128,1,0.2696294000719464,0.5124735608910513,0.21789703903700233,0.0
9.900001,True,False,120,5.90979242,-11.2527227,-4.55416536,21.71668,21.71668,-37.5090752,-9.108331,37.91721,459.8838,230,229,8.835709,0.9449147,0,0.27213148093432743,0.5181603473128965,0.20970817175277612,0.0
9.916667,True,False,120,5.898608,-11.2974148,-4.4955163,21.69154,21.69154,-37.6580467,-8.991033,37.7360725,460.227448,230,230,8.571304,0.8941689,0,0.2719312803396233,0.5208212634390706,0.20724745622130614,0.0
11.65,True,False,120,24.5272846,-7.47782564,10.2290373,21.7760735,21.77607,-24.9260845,20.4580746,41.2984238,502.96286,251,251,87.6746,1.160567,1,0.5807453453812507,0.17705638862292045,0.24219826599582883,0.4843965319916578
11.66667,True,False,120,25.45507,-7.373778,10.4048433,22.4240055,22.42401,-24.579258,20.8096867,41.618412,503.5484,251,251,86.79716,1.239823,1,0.5887785482707556,0.17055629020508825,0.240665161524156,0.48133032304831214
11.68333,True,False,120,26.1508865,-7.2679534,10.582552,22.8362885,22.83629,-24.226511,21.1651039,41.9349747,503.87265,252,251,85.84908,1.319013,1,0.5943195287874519,0.16517553391305334,0.24050493729949488,0.4810098745989897
11.7,True,False,120,26.70912,-7.164991,10.2161322,23.6579781,23.65798,-23.8833027,20.4322643,42.24774,504.035,252,252,84.83096,1.398137,1,0.605783004617221,0.16250740481286344,0.23170959056991547,0.46341918113983105
11.71667,True,False,120,27.733387,-7.06102943,10.3955374,24.39888,24.39888,-23.5367641,20.7910748,42.55632,504.642273,252,252,83.7432,1.477195,1,0.6137069115921245,0.1562521939403362,0.23004089446753923,0.46008178893507856
11.73333,True,False,120,28.7752552,-6.955262,10.5770473,25.15347,25,-23.184206,21.1540947,42.86032,505.2519,252,252,82.58631,1.556187,1,0.6213942691803626,0.15019710224665347,0.22840862857298402,0.456817257145968
11.75,True,False,120,29.8337536,-6.847659,10.76065,25.920763,25,-22.82553,21.5213,43.15931,505.863739,252,252,81.36073,1.635113,1,0.6288460485274096,0.1443372953181846,0.2268166561544059,0.45363331230881176
11.76667,True,False,120,30.25009,-6.738195,10.9463158,26.04197,25,-22.46065,21.8926315,43.4528427,505.872162,253,252,80.06678,1.713974,1,0.6310700307323723,0.14057058758273835,0.2283593816848893,0.4567187633697787
11.78333,True,False,120,31.2548046,-6.63536263,10.5315542,27.3586121,25,-22.1178741,21.0631084,43.7404556,506.416138,253,253,78.70489,1.792768,1,0.645470744884255,0.13703277029488292,0.21749648482086192,0.43499296964172396
11.8,True,False,120,32.37802,-6.52816534,10.7194624,28.1867237,25,-21.76055,21.4389248,44.0216637,507.057526,253,253,77.27538,1.871497,1,0.6524452873569686,0.13154821422588853,0.21600649841714287,0.4320129968342856
11.81667,True,False,120,33.51376,-6.41907072,10.9093971,29.0234337,25,-21.3969021,21.8187943,44.29596,507.700623,253,253,75.7785,1.950161,1,0.6591717443745957,0.12625470981967682,0.21457354580572743,0.4291470916114549
11.83333,True,False,120,34.1155319,-6.30805969,11.1012421,29.32235,25,-21.026865,22.2024841,44.56281,507.871643,254,253,74.21455,2.028759,1,0.6621182341947313,0.12242756042557155,0.21545420537969717,0.43090841075939434
11.85,True,False,120,34.9764023,-6.2029233,10.6327324,30.5465927,25,-20.67641,21.2654648,44.8216667,508.2914,254,254,72.58372,2.107291,1,0.6750629805131462,0.11971968571485811,0.2052173337719957,0.4104346675439915
11.86667,True,False,120,36.10627,-6.09465265,10.8267908,31.3741322,25,-20.3155079,21.6535816,45.0719528,508.952667,254,254,70.88618,2.185758,1,0.6808943409193896,0.11493334812082115,0.20417231095978927,0.40834462191957843
11.88333,True,False,120,37.2408028,-5.984429,11.0224848,32.2027473,25,-19.9480953,22.04497,45.313076,509.614929,254,254,69.12209,2.264159,1,0.6864953058687819,0.11031669856496781,0.20318799556625028,0.40637599113250056
11.9,True,False,120,37.91409,-5.87223244,11.21959,32.56673,25,-19.5741081,22.43918,45.544426,509.871155,255,254,67.29151,2.342496,1,0.6892729948140826,0.1067563863503834,0.20397061883553402,0.40794123767106816
11.91667,True,False,120,38.63067,-5.76596451,10.6725206,33.7241135,25,-19.2198811,21.3450413,45.7653732,510.213226,255,255,65.39458,2.420767,1,0.7014937840036893,0.1047040670677179,0.19380214892859288,0.38760429785718564
11.93333,True,False,120,39.6594429,-5.65724945,10.871295,34.4453964,25,-18.8574982,21.74259,45.9752655,510.869659,255,255,63.43123,2.498972,1,0.7058349083222679,0.1006843226962462,0.19348076898148586,0.3869615379629716
11.95,True,False,120,40.681694,-5.546542,11.0709276,35.15731,25,-18.4884739,22.1418552,46.17343,511.5263,255,255,61.40144,2.577113,-1,0.7099875712670961,0.09679970267489209,0.19321272605801176,0.3864254521160234
11.96667,True,False,120,41.3689537,-5.433832,11.2710724,35.5317154,25,-18.1127739,22.5421448,46.35919,511.870636,256,255,59.45839,2.494742,0,0.7123507039736352,0.0935676081765265,0.19408168784983823,0.3881633756996765
11.98333,True,False,120,41.90247,-5.32684374,10.6440315,36.58528,25,-17.7561455,21.288063,46.53282,512.1469,256,256,57.57214,2.442705,0,0.7240374619132695,0.09204312828141606,0.18391940980531438,0.3678388196106288
12,True,False,120,42.7498169,-5.218396,10.8447666,37.1234474,25,-17.3946533,21.6895332,46.6944427,512.8306,256,256,55.7421,2.390711,0,0.7268772516447666,0.08872864534945046,0.18439410300578293,0.3687882060115659
12.01667,True,False,120,43.58333,-5.1079464,11.0452709,37.6460037,25,-17.0264874,22.0905418,46.84421,513.5137,256,256,53.96747,2.338761,1,0.7295923847275987,0.08550789476244136,0.18489972050995993,0.3697994410199198
12.03333,True,False,120,44.13405,-4.99549055,11.2452269,37.88431,25,-16.6516342,22.4904537,46.98231,513.8701,257,256,52.12341,2.417035,-1,0.7310015734064745,0.0827413630062769,0.18625706358724867,0.3725141271744973
12.05,True,False,120,44.5344543,-4.88960075,10.551404,38.87265,25,-16.2986679,21.102808,47.1081123,514.1899,257,257,50.36297,2.334798,-1,0.7425446175055163,0.08152669154101289,0.1759286909534709,0.3518573819069417
12.06667,True,False,120,45.1147,-4.782087,10.7510538,39.1457329,25,-15.9402885,21.5021076,47.22201,514.8985,257,257,48.68551,2.252629,0,0.7438797392437424,0.0788500783691544,0.1772701823871032,0.3545403647742065
12.08333,True,False,120,45.67611,-4.67259359,10.9495859,39.3991165,25,-15.5753107,21.8991718,47.3244476,515.605652,257,257,47.06145,2.200794,0,0.7451449360173655,0.07622714481718566,0.17862791916544882,0.3572558383308977
12.1,True,False,120,45.9893074,-4.56112576,11.1467409,39.4036942,25,-15.2037525,22.2934818,47.4156647,515.8696,258,257,45.49032,2.149001,0,0.74540379037905,0.0739276284447703,0.1806685811761797,0.36133716235235935
12.11667,True,False,120,46.2148972,-4.458389,10.4056072,40.2676773,25,-14.8612947,20.8112144,47.495945,516.339539,258,258,43.97163,2.097252,1,0.7566426735557066,0.07299393868848318,0.17036338775581025,0.34072677551162045
12.13333,True,False,120,46.4553566,-4.35236359,10.602087,40.2056351,25,-14.5078783,21.204174,47.5655632,517.0443,258,258,42.38069,2.175727,-1,0.7564810691599894,0.07087408003959246,0.1726448508004182,0.3452897016008364
12.15,True,False,120,46.67427,-4.244392,10.7967377,40.1219254,25,-14.1479731,21.5934753,47.62394,517.746948,258,258,40.87068,2.093691,0,0.7562823902443266,0.06877362895860821,0.17494398079706514,0.3498879615941304
12.16667,True,False,120,46.7859573,-4.134503,10.9893694,39.93109,25,-13.7816763,21.9787388,47.6715775,517.869141,259,258,39.41219,2.041988,0,0.755711290544868,0.06678265826339366,0.1775060511917383,0.3550121023834766
12.18333,True,False,120,46.7398758,-4.035594,10.2587461,40.5167236,25,-13.45198,20.5174923,47.708786,518.5664,259,259,38.00488,1.990328,0,0.76579792352178,0.06612019078957317,0.168081885688647,0.3361637713772939
12.2,True,False,120,46.6717949,-3.93109226,10.4503164,40.1525726,25,-13.1036406,20.9006329,47.7358971,519.275,259,259,36.64845,1.938711,0,0.7644446511989059,0.0643879768919369,0.1711673719091572,0.3423347438183143
12.21667,True,False,120,46.6040764,-3.82469869,10.6396341,39.7891426,25,-12.7489948,21.2792683,47.7532272,519.8686,260,259,35.3426,1.887137,0,0.7631454137769067,0.06262974164105617,0.17422484458203719,0.34844968916407437
12.23333,True,False,120,46.4898529,-3.72353244,9.919561,40.2938232,25,-12.4117746,19.8391228,47.76112,520.165955,260,260,34.08707,1.835606,1,0.7731178285717107,0.0619216696774948,0.16496050175079446,0.3299210035015889
12.25,True,False,120,46.1758232,-3.62245464,10.1078367,39.69044,25,-12.0748482,20.2156734,47.759922,520.881,260,260,32.7573,1.9143,-1,0.7708031735085719,0.060468863117157184,0.16872796337427093,0.33745592674854186
12.26667,True,False,120,45.844635,-3.51951766,10.293561,39.07059,25,-11.7317247,20.587122,47.74908,521.592957,260,260,31.50645,1.832482,0,0.7684611458842823,0.058995181747298626,0.1725436723684191,0.34508734473683833
12.28333,True,False,120,45.68659,-3.41474938,10.476655,38.6246834,25,-11.3824978,20.95331,47.7291527,521.8681,261,260,30.3054,1.780996,0,0.7668366563097454,0.057315614859742785,0.17584772883051186,0.3516954576610237
12.3,True,False,120,45.1811752,-3.31951451,9.774342,38.72635,25,-11.0650482,19.5486832,47.7004929,522.5588,261,261,29.15398,1.729554,0,0.7753093198617155,0.05696289495850023,0.16772778517978437,0.33545557035956863
12.31667,True,False,120,44.6444778,-3.21995425,9.9562645,37.90817,25,-10.73318,19.912529,47.663456,523.2751,261,261,28.0519,1.678154,0,0.772119335528828,0.05568861051709347,0.1721920539540785,0.3443841079081569
12.33333,True,False,120,44.1749535,-3.11860132,10.1355181,37.1580353,25,-10.3953371,20.2710361,47.6184158,523.8676,262,261,26.99916,1.626797,1,0.7692088911401498,0.054303528882388236,0.17648757997746206,0.3529751599549241
12.35,True,False,120,43.7352142,-3.023039,9.455636,37.3026161,25,-10.0767965,18.911272,47.56572,524.2993,262,262,25.87125,1.705665,-1,0.7780143808302807,0.05377743904614947,0.1682081801235699,0.3364163602471397
12.36667,True,False,120,43.05821,-2.92670536,9.633704,36.35121,25,-9.755684,19.2674084,47.504837,525.014465,262,262,24.8213,1.62402,0,0.7741689832553945,0.0526209638728436,0.1732100528717619,0.3464201057435239
12.38333,True,False,120,42.37367,-2.82861233,9.808968,35.3933144,25,-9.428707,19.6179352,47.4363441,525.725769,263,262,23.82036,1.572709,0,0.7702728032140694,0.05141879730113017,0.17830839948480046,0.35661679896960086
12.4,True,False,120,41.9367,-2.73335958,9.15707,35.51299,25,-9.111198,18.31414,47.3606033,526.0921,263,263,22.8683,1.52144,0,0.7790996905690842,0.050780333287837195,0.17011997614307858,0.3402399522861571
12.41667,True,False,120,41.1822472,-2.640048,9.331255,34.49104,25,-8.800159,18.66251,47.27798,526.811951,263,263,21.96504,1.470214,0,0.774778863218811,0.049668328645336664,0.17555280813585245,0.3511056162717048
12.43333,True,False,120,40.4245872,-2.54501915,9.502711,33.4668961,25,-8.483397,19.0054226,47.1888466,527.5277,264,263,21.11058,1.41903,1,0.7703983593932126,0.04850212985685871,0.1810995107499288,0.3621990214998575
12.45,True,False,120,39.9105339,-2.45077157,8.884733,33.4765739,25,-8.169238,17.7694664,47.09356,527.9438,264,264,20.18053,1.498071,-1,0.7788023248541264,0.04782362975110181,0.17337404539477178,0.3467480907895437
12.46667,True,False,120,39.1207047,-2.36021876,9.055133,32.42579,25,-7.867396,18.1102657,46.9915962,528.659851,264,264,19.328,1.416599,0,0.7741147101765764,0.04670365923522637,0.17918163058819728,0.3583632611763945
12.48333,True,False,120,38.33027,-2.267992,9.222747,31.375515,25,-7.55997324,18.4454937,46.883522,529.371643,264,264,18.52416,1.365461,0,0.7693595687714796,0.045522803442218526,0.18511762778630197,0.37023525557260384
12.5,True,False,120,37.72223,-2.17411423,9.387579,30.5087643,25,-7.247047,18.7751579,46.7697029,529.8661,265,264,17.76893,1.314364,0,0.7654063947782024,0.04411406575433868,0.1904795394674589,0.38095907893491787
12.51667,True,False,120,36.945694,-2.08703256,8.800832,30.2318954,25,-6.95677471,17.6016636,46.6505051,530.5392,265,265,17.06236,1.263311,1,0.7723802098825073,0.04363113727744365,0.18398865284004912,0.36797730568009823
12.53333,True,False,120,36.1390343,-1.99738133,8.964969,29.1714478,25,-6.65793753,17.9299374,46.52629,531.2456,265,265,16.28011,1.342481,0,0.7672605504888318,0.04240600028407276,0.19033344922709547,0.3806668984541909
12.55,True,False,120,35.4052277,-1.90612018,9.126251,28.1850967,25,-6.35373354,18.2525024,46.39653,531.8656,266,265,15.54643,1.291404,0,0.7624258909572631,0.04104691512852829,0.1965271939142087,0.3930543878284173
12.56667,True,False,120,34.7012253,-1.82011223,8.579081,27.9422569,25,-6.06704044,17.1581612,46.26159,532.4522,266,266,14.86134,1.24037,0,0.7694213586270238,0.04035688114045535,0.19022176023252085,0.3804435204650418
12.58333,True,False,120,33.8933754,-1.73271286,8.739465,26.8866234,25,-5.775709,17.47893,46.1218262,533.161,267,266,14.22487,1.189378,0,0.7639570096505092,0.0390553646394446,0.1969876257100462,0.3939752514200925
12.6,True,False,120,33.0909653,-1.64292634,8.225753,26.5081387,25,-5.476421,16.4515057,45.9775963,533.865051,267,267,13.63708,1.138428,0,0.7702802380536637,0.03824348068443426,0.19147628126190197,0.38295256252380383
12.61667,True,False,120,32.43401,-1.55907238,8.385429,25.6076527,25,-5.19690752,16.7708588,45.8292542,534.3967,267,267,13.09802,1.087521,1,0.7653409462444406,0.03678922003701584,0.1978698337185434,0.3957396674370869
12.63333,True,False,120,31.64094,-1.47364318,8.542657,24.5719261,24.57193,-4.91214371,17.0853138,45.6771545,535.094,267,267,12.48349,1.166838,0,0.7595543983057976,0.03537543950661207,0.20507016218759022,0.41014032437518033
12.65,True,False,120,30.85455,-1.38666964,8.6972065,23.5440121,23.54401,-4.622232,17.394413,45.5207825,535.7863,268,267,11.91766,1.115907,0,0.7536818805511609,0.03387207987082622,0.21244603957801297,0.4248920791560259
12.66667,True,False,120,30.189888,-1.30312848,8.221465,23.2715511,23.27155,-4.34376144,16.44293,45.36048,536.3478,268,268,11.40057,1.065019,0,0.7601732888091076,0.032812425881885134,0.20701428530900712,0.41402857061801435
12.68333,True,False,120,29.42521,-1.219375,8.375341,22.2692451,22.26924,-4.0645833,16.7506828,45.1966133,537.041443,268,268,10.9324,1.014173,0,0.7541072732941626,0.03125005926459215,0.2146426674412453,0.42928533488249054
14.71667,True,False,-120,4.720264,11.8076725,14.6775217,-21.76493,-21.76493,39.3589058,29.3550434,46.3164,601.0649,300,300,-55.75763,-2.427811,0,0.15126405033847573,0.37838484614848567,0.4703511035130386,0.30252810067695146
14.73333,True,False,-120,4.64755774,11.9534721,14.579505,-21.88542,-21.88542,39.8449059,29.15901,46.4662781,601.6694,301,300,-53.95127,-2.37583,0,0.1490531757665001,0.3833632797300664,0.46758354450343353,0.29810635153300014
14.75,True,False,-120,4.54345036,12.0975513,14.3963289,-21.95043,-21.95043,40.32517,28.7926579,46.6042824,602.4505,301,301,-52.19995,-2.323892,0,0.14638663435364718,0.38977421968083065,0.4638391459655221,0.2927732687072945
14.76667,True,False,-120,4.46412945,12.2403851,14.2832928,-22.0595474,-22.05955,40.80128,28.5665855,46.7306061,603.067261,301,301,-50.50303,-2.271997,0,0.14406083655996396,0.39500649277142225,0.4609326706686138,0.28812167311992787
14.78333,True,False,-120,4.380665,12.3820229,14.1635818,-22.16494,-22.16494,41.273407,28.3271637,46.84547,603.6895,302,301,-48.85995,-2.220145,-1,0.14164867093557035,0.4003723378251468,0.4579789912392829,0.28329734187114064
14.8,True,False,-120,4.2679553,12.5217457,13.963294,-22.2170849,-22.21708,41.73915,27.9265881,46.9491119,604.4815,302,302,-47.14587,-2.298518,1,0.13878177718950627,0.4071715844261673,0.45404663838432646,0.2775635543790126
14.81667,True,False,-120,4.178923,12.6600513,13.8301859,-22.3113136,-22.31131,42.20017,27.6603718,47.04093,605.1161,302,302,-45.51403,-2.21638,1,0.13625814899228966,0.41279419512765136,0.450947655880059,0.2725162979845793
14.83333,True,False,-120,4.08630943,12.7969618,13.6910782,-22.40173,-22.40173,42.6565361,27.3821564,47.1213875,605.7556,303,302,-43.96372,-2.13431,0,0.13365155779865764,0.41855221905207357,0.44779622314926887,0.26730311559731523
14.85,True,False,-120,3.9664433,12.9317408,13.4760427,-22.44134,-22.44134,43.1058,26.9520855,47.1909637,606.558044,303,303,-42.46561,-2.082573,0,0.13058581955409643,0.4257471600890265,0.443667020356877,0.26117163910819297
14.86667,True,False,-120,3.86921048,13.064992,13.3255215,-22.5213032,-22.5213,43.5499725,26.6510429,47.24995,607.209839,304,303,-41.01929,-2.030879,-1,0.12786668122145906,0.43176177048525743,0.44037154829328357,0.2557333624429181
14.88333,True,False,-120,3.74554873,13.1965971,13.1040554,-22.5551033,-22.5551,43.9886551,26.20811,47.29866,608.0121,304,304,-39.50005,-2.10941,1,0.12465964337149585,0.43921016833315,0.4361301882953541,0.24931928674299164
14.9,True,False,-120,3.64569378,13.3260336,12.943119,-22.6234589,-22.62346,44.42011,25.8862381,47.3365135,608.6664,304,304,-38.06107,-2.027429,1,0.12186904568018711,0.4454655534821436,0.43266540083766925,0.24373809136037428
14.91667,True,False,-120,3.54328632,13.4538078,12.7775726,-22.6880951,-22.68809,44.8460236,25.5551453,47.3640327,609.324768,305,304,-36.70193,-1.945516,0,0.11900339148447739,0.4518541861952368,0.4291424223202858,0.23800678296895472
14.93333,True,False,-120,3.41651368,13.57969,12.54569,-22.7088661,-22.70887,45.2656326,25.09138,47.3817673,610.1286,305,305,-35.3934,-1.893937,0,0.11564978592800892,0.45967567777124296,0.4246745363007481,0.2312995718560179
14.95,True,False,-120,3.31045866,13.7034044,12.37158,-22.7645264,-22.76453,45.6780128,24.74316,47.39004,610.8028,305,305,-34.1352,-1.8424,-1,0.11265641471665461,0.4663330878496545,0.4210104974336909,0.22531282943330921
14.96667,True,False,-120,3.20253539,13.8253412,12.19379,-22.816597,-22.8166,46.08447,24.38758,47.38921,611.4805,306,305,-32.80281,-1.921088,1,0.10959454965159124,0.47311953127037576,0.417285919078033,0.21918909930318242
14.98333,True,False,-120,3.072932,13.9451494,11.9552107,-22.8274288,-22.82743,46.48383,23.9104214,47.37871,612.292,306,306,-31.5494,-1.839264,0,0.10606085043404509,0.48131048939378207,0.4126286601721728,0.21212170086809023
15,True,False,-120,2.96269679,14.06285,11.7701349,-22.8702888,-22.87029,46.8761635,23.54027,47.3591042,612.9779,306,306,-30.34576,-1.787773,0,0.10288684330848358,0.4883666291145198,0.40874652757699653,0.20577368661696738
15.01667,True,False,-120,2.85112786,14.1786661,11.5819874,-22.9095249,-22.90952,47.26222,23.1639748,47.3307533,613.666748,307,306,-29.19171,-1.736325,0,0.09964873644623713,0.49555341981684986,0.40479784373691297,0.19929747289247424
15.03333,True,False,-120,2.721856,14.2921467,11.33917,-22.909462,-22.90946,47.6404877,22.67834,47.2940063,614.477844,307,307,-28.08713,-1.68492,0,0.09599828663971705,0.5040757466976526,0.3999259666626303,0.19199657327943398
15.05,True,False,-120,2.61038637,14.4036016,11.1454039,-22.93862,-22.93862,48.0120049,22.2908077,47.2492332,615.1732,308,307,-27.03183,-1.633557,-1,0.09270038152993679,0.5115025802579592,0.395797038212104,0.18540076305987363
15.06667,True,False,-120,2.481582,14.5130434,10.9026279,-22.93409,-22.93409,48.37681,21.8052559,47.1967926,615.979248,308,308,-25.90137,-1.712419,1,0.08895434877812862,0.5202319828382531,0.39081366838361825,0.17790869755625727
15.08333,True,False,-120,2.36829615,14.6200819,10.70403,-22.9558163,-22.95582,48.7336044,21.40806,47.1361427,616.6804,308,308,-24.84895,-1.630769,0,0.08552149548439143,0.5279454886553284,0.3865330158602801,0.17104299096878295
15.1,True,False,-120,2.25451231,14.7251139,10.5033808,-22.9739819,-22.97398,49.08371,21.0067616,47.06786,617.383667,309,308,-23.8455,-1.579452,0,0.08203295618924342,0.5357897661868697,0.3821772776238869,0.16406591237848678
15.11667,True,False,-120,2.12612486,14.8279524,10.259285,-22.961113,-22.96111,49.426506,20.51857,46.9923134,618.1861,309,309,-22.89097,-1.528177,0,0.0781279740330036,0.5448776324781854,0.3769943934888111,0.15625594806600707
15.13333,True,False,-120,2.01283836,14.9285,10.0550327,-22.9706955,-22.97069,49.7616653,20.1100655,46.9098663,618.8932,309,309,-21.98523,-1.476945,0,0.07455959008440151,0.5529817310193691,0.37245867889622936,0.149119180168803
15.15,True,False,-120,1.899551,15.0269976,9.849323,-22.97677,-22.97677,50.08999,19.6986465,46.82089,619.6018,310,309,-21.12827,-1.425756,-1,0.07094263926781005,0.5612141342954452,0.3678432264367446,0.14188527853562027
15.16667,True,False,-120,1.77331758,15.1231623,9.606229,-22.9560738,-22.95607,50.4105377,19.2124577,46.7257423,620.3973,310,310,-20.19579,-1.504791,1,0.06691080477959052,0.570627039238715,0.3624621559816945,0.1338216095591811
15.18333,True,False,-120,1.6598655,15.2171412,9.397918,-22.9551926,-22.95519,50.7238,18.7958355,46.6239,621.108948,311,310,-19.34081,-1.423314,0,0.06317298789442392,0.5791507063767152,0.357676305728861,0.12634597578884776
15.2,True,False,-120,1.53586364,15.3090162,9.157584,-22.9307365,-22.93074,51.0300522,18.3151684,46.515934,621.8952,311,311,-18.53453,-1.37217,0,0.059066081177944256,0.5887525233839533,0.35218139543810245,0.11813216235588853
15.21667,True,False,-120,1.42354739,15.3984919,8.94729,-22.9222355,-22.92224,51.3283043,17.89458,46.4022026,622.6024,311,311,-17.77686,-1.321068,0,0.055241926321785144,0.5975511324610032,0.34720694121721163,0.1104838526435703
15.23333,True,False,-120,1.31185329,15.4858541,8.736247,-22.9102478,-22.91025,51.61951,17.4724941,46.28308,623.3104,312,311,-17.06786,-1.270009,-1,0.0513768165307669,0.6064808397270737,0.34214234374215946,0.10275363306153362
15.25,True,False,-120,1.19289875,15.5710287,8.500604,-22.8787346,-22.87873,51.9034271,17.0012074,46.1589165,624.0792,312,312,-16.28319,-1.349174,1,0.047216341706586444,0.6163197101365598,0.33646394815685365,0.09443268341317301
15.26667,True,False,-120,1.08403277,15.6539145,8.288356,-22.8582382,-22.85824,52.1797142,16.5767117,46.0291939,624.7968,312,312,-15.57601,-1.267826,0,0.0433157369789997,0.6254984737903722,0.33118578923062814,0.08663147395799942
15.28333,True,False,-120,0.9760803,15.7346745,8.0756855,-22.83428,-22.83428,52.4489136,16.151371,45.8944778,625.5147,313,312,-14.91748,-1.216811,0,0.03937960788988324,0.6348097713732617,0.32581062073685507,0.07875921577976641
15.3,True,False,-120,0.860044241,15.8131847,7.842494,-22.7956352,-22.79564,52.7106133,15.684988,45.7551231,626.280945,313,313,-14.30763,-1.165839,0,0.03508133303145082,0.6450221654917666,0.3198965014767826,0.07016266606290167
15.31667,True,False,-120,0.7508209,15.8894739,7.629294,-22.7679462,-22.76795,52.9649124,15.2585878,45.6114922,626.996765,313,313,-13.74651,-1.114909,-1,0.030936696381110504,0.6547071741075399,0.3143561295113496,0.061873392762221036
15.33333,True,False,-120,0.6428267,15.9636364,7.41597033,-22.73678,-22.73678,53.21212,14.8319407,45.463932,627.712463,314,313,-13.10989,-1.194203,0,0.026759433088790124,0.6645303626927358,0.30871020421847417,0.05351886617758028
15.35,True,False,-120,0.5347514,16.03556,7.19019127,-22.691,-22.691,53.4518661,14.3803825,45.3119278,628.4601,314,314,-12.52193,-1.14325,0,0.022505895915879627,0.6748830284742456,0.3026110756098747,0.045011791831759296
15.36667,True,False,-120,0.432894081,16.1053257,6.976839,-22.649271,-22.64927,53.6844177,13.9536781,45.1558342,629.1769,315,314,-11.98276,-1.092339,0,0.018409228104918678,0.6848941289065792,0.2966966429885022,0.03681845620983737
15.38333,True,False,-120,0.33026728,16.1729546,6.75581,-22.5984974,-22.5985,53.9098434,13.51162,44.9960022,629.9129,315,315,-11.49241,-1.04147,0,0.014199528239349916,0.6953408329048646,0.2904596388557854,0.02839905647869989
15.4,True,False,-120,0.236248,16.2383823,6.54273844,-22.5448723,-22.54487,54.12794,13.0854769,44.83278,630.6305,315,315,-11.05102,-0.990644,-1,0.010263901259462553,0.7054838667019591,0.28425223203857836,0.020527802518925053
15.41667,True,False,-120,0.143650308,16.3016853,6.329896,-22.48793,-22.48793,54.3389473,12.6597919,44.66651,631.3473,316,315,-10.53435,-1.070042,0,0.006307303937560907,0.7157637551432798,0.27792894091915926,0.01261460787512192
15.43333,True,False,-120,0.0444405824,16.3628521,6.116496,-22.4349079,-22.43491,54.5428352,12.2329922,44.4966965,632.064331,316,316,-10.06657,-1.019192,0,0.0019730509385717018,0.7264697929254623,0.2715571561359659,0.003946101877143393
15.45,True,False,-120,-0.06968244,16.421896,5.90430832,-22.3958874,-22.39589,54.73965,11.8086166,44.3236732,632.775757,316,316,-9.647797,-0.9683838,0,0.0031113945496659577,0.7332550024020571,0.2636336030482769,0.0
15.46667,True,False,-120,-0.181823432,16.47882,5.69252,-22.3531647,-22.35316,54.9294,11.38504,44.1477852,633.486,317,316,-9.278152,-0.9176185,0,0.008134125290727663,0.7372030384034817,0.25466283630579056,0.0
15.48333,True,False,-120,-0.283804953,16.5336533,5.48540258,-22.30286,-22.30286,55.112175,10.9708052,43.9693832,634.1845,317,317,-8.957779,-0.8668955,-1,0.012725047029844417,0.7413243271256169,0.2459506258445387,0.0
15.5,True,False,-120,-0.378838331,16.5864,5.27450848,-22.2397461,-22.23975,55.2879944,10.549017,43.7888031,634.8929,317,317,-8.562492,-0.9463961,0,0.01703429154205221,0.7457998573884933,0.23716585106945437,0.0
15.51667,True,False,-120,-0.472029239,16.6370411,5.06415844,-22.17323,-22.17323,55.4568,10.1283169,43.60554,635.599854,318,317,-8.216438,-0.8956491,0,0.021288250065189116,0.750321086108882,0.22839066382592882,0.0
15.53333,True,False,-120,-0.562994838,16.6856575,4.865762,-22.1144142,-22.11442,55.61886,9.731524,43.41994,636.277,318,318,-7.919769,-0.8449444,0,0.025458274833558923,0.7545150074957413,0.2200267176706997,0.0
15.55,True,False,-120,-0.658315837,16.7322273,4.65654469,-22.0470886,-22.04709,55.774086,9.313089,43.232338,636.9833,318,318,-7.672616,-0.7942819,-1,0.02985953710375265,0.7589314031537922,0.21120905974245516,0.0
15.56667,True,False,-120,-0.7516157,16.7767029,4.447927,-21.9762459,-21.97625,55.92234,8.895854,43.0430679,637.687866,319,318,-7.350814,-0.873843,0,0.03420127867518918,0.7634016840437933,0.20239703728101766,0.0
15.58333,True,False,-120,-0.8379961,16.8192253,4.256311,-21.9135323,-21.91353,56.06408,8.512622,42.85164,638.3458,319,319,-7.078506,-0.8231565,0,0.03824103228560266,0.7675268867195505,0.19423208099484682,0.0
15.6,True,False,-120,-0.9288862,16.8597145,4.04903,-21.8376312,-21.83763,56.1990471,8.09806,42.6583824,639.0451,319,319,-6.855865,-0.7725121,0,0.0425360339114078,0.7720487048991079,0.1854152611894843,0.0
15.61667,True,False,-120,-1.01767,16.898138,3.84244275,-21.7582512,-21.75825,56.3271255,7.6848855,42.4636421,639.7423,320,319,-6.683044,-0.7219101,-1,0.04677168269144982,0.7766312740007374,0.17659704330781278,0.0
15.63333,True,False,-120,-1.09806633,16.9346962,3.660008,-21.69277,-21.69277,56.4489861,7.320016,42.26775,640.366,320,320,-6.435959,-0.8015315,0,0.050618999010819295,0.7806608278357149,0.1687201731534658,0.0
17.43333,True,False,-120,-23.8425045,11.2097158,-13.376133,-21.6760864,-21.67609,37.36572,-26.7522659,43.4982719,689.8257,345,344,-87.92845,-1.103334,-1,0.49232531926705014,0.23147010038848462,0.27620458034446527,0.5524091606889305
17.45,True,False,-120,-24.8472939,11.0792856,-13.19355,-22.7330284,-22.73303,36.93095,-26.3871,43.81921,690.251038,345,345,-87.08818,-1.182637,-1,0.5058474835657751,0.22555489394627917,0.26859762248794555,0.5371952449758912
17.46667,True,False,-120,-26.1232452,10.94549,-13.37933,-23.6894054,-23.68941,36.4849663,-26.75866,44.1368828,690.8393,345,345,-86.1769,-1.261875,-1,0.5178245210482324,0.21696550614194812,0.26520997280981945,0.530419945619639
17.48333,True,False,-120,-27.4265518,10.8098288,-13.5665016,-24.66988,-24.66988,36.03276,-27.1330032,44.45094,691.4294,345,345,-85.19502,-1.341046,-1,0.5294406534005553,0.20867234294542786,0.2618870036540168,0.5237740073080337
17.5,True,False,-120,-28.44317,10.6722784,-13.7550611,-25.3603878,-25,35.57426,-27.5101223,44.7609978,691.825134,345,345,-84.14308,-1.420152,-1,0.5379779818463826,0.2018569236598713,0.2601650944937461,0.5203301889874922
17.51667,True,False,-120,-28.8329582,10.5328274,-13.9449825,-25.4208031,-25,35.1094246,-27.8899651,45.066658,691.825134,346,345,-83.0215,-1.499191,-1,0.5408467975159412,0.19757410698421357,0.26157909549984515,0.5231581909996904
17.53333,True,False,-120,-29.7124939,10.3991623,-13.5995531,-26.512104,-25,34.66387,-27.1991062,45.3675079,692.161743,346,346,-81.83076,-1.578165,-1,0.5531898143280122,0.19361251469718818,0.25319767097479967,0.5063953419495995
17.55,True,False,-120,-30.9922619,10.2612534,-13.7909174,-27.4625969,-25,34.2041779,-27.5818348,45.6631126,692.762,346,346,-80.57124,-1.657073,-1,0.5630408086665594,0.18641764292358673,0.250541548409854,0.501083096819708
17.56667,True,False,-120,-32.29134,10.12142,-13.9836178,-28.429142,-25,33.7380638,-27.9672356,45.95301,693.363464,346,346,-79.2433,-1.735915,-1,0.5725782622869088,0.1794693275496144,0.24795241016347686,0.4959048203269536
17.58333,True,False,-120,-33.393364,9.979645,-14.1775551,-29.1954536,-25,33.26548,-28.35511,46.23673,693.824646,346,346,-77.84724,-1.814691,-1,0.5802439041600984,0.17340655397676633,0.2463495418631353,0.4926990837262706
17.6,True,False,-120,-33.79474,9.835919,-14.3726063,-29.2580528,-25,32.786396,-28.7452126,46.51377,693.824646,347,346,-76.38341,-1.893402,-1,0.582635129681225,0.16957526354986088,0.2477896067689141,0.4955792135378283
17.61667,True,False,-120,-34.3225555,9.698784,-13.853919,-30.16742,-25,32.329277,-27.7078381,46.7836075,693.9426,347,347,-74.85197,-1.972047,-1,0.5930436664917877,0.16758083248993177,0.23937550101828056,0.47875100203656107
17.63334,True,False,-120,-35.4283524,9.55828,-14.0501795,-30.9364529,-25,31.8609333,-28.100359,47.0457,694.5668,347,347,-73.25328,-2.050627,-1,0.6001061246330613,0.16190372908669887,0.23799014628023976,0.47598029256047947
17.65,True,False,-120,-36.54005,9.415806,-14.2472925,-31.7085648,-25,31.3860168,-28.494585,47.29948,695.191345,347,347,-71.58748,-2.129141,-1,0.6069458310805789,0.1564005576884405,0.23665361123098072,0.47330722246196144
17.66667,True,False,-120,-37.655407,9.271348,-14.4450359,-32.48172,-25,30.9044933,-28.8900719,47.54437,695.816,347,347,-69.85469,-2.20759,-1,0.6135621341302588,0.15106855876353445,0.23536930710620668,0.47073861421241336
17.68333,True,False,-120,-38.03892,9.124919,-14.64316,-32.52068,-25,30.4163952,-29.28632,47.77976,695.824158,348,347,-68.05507,-2.285973,-1,0.6154468040100118,0.14763569090290243,0.2369175050870857,0.4738350101741714
17.7,True,False,-120,-38.47667,8.984278,-14.1094265,-33.35152,-25,29.9475918,-28.218853,48.0050163,695.927,348,348,-66.18864,-2.364291,-1,0.6249218120315315,0.14591884608400424,0.22915934188446424,0.4583186837689285
17.71667,True,False,-120,-39.3072281,8.841201,-14.3080549,-33.840374,-25,29.4706669,-28.61611,48.21951,696.5604,348,348,-64.25548,-2.442544,-1,0.6293538409879109,0.1415577764512008,0.22908838256088832,0.45817676512177663
17.73333,True,False,-120,-40.1285248,8.696134,-14.5064459,-34.3182144,-25,28.98711,-29.0128918,48.42257,697.1931,348,348,-62.2556,-2.520732,-1,0.6336305831090295,0.13731221081952802,0.22905720607144248,0.45811441214288484
17.75,True,False,-120,-40.9373322,8.549091,-14.70423,-34.7821922,-25,28.49697,-29.40846,48.61352,697.823669,348,348,-60.18889,-2.598854,1,0.6377459981977563,0.13318280113715997,0.22907120066508377,0.4581424013301675
17.76667,True,False,-120,-41.237915,8.400081,-14.9010077,-34.7369881,-25,28.000267,-29.8020153,48.7916679,697.823669,349,348,-58.20848,-2.516465,1,0.6389611341335287,0.1301551080498009,0.23088375781667048,0.46176751563334095
17.78333,True,False,-120,-41.61041,8.2578125,-14.3593178,-35.5089035,-25,27.52604,-28.7186356,48.95729,698.0715,349,349,-56.31349,-2.434145,0,0.647859310906851,0.128571208883738,0.22356948020941103,0.44713896041882206
17.8,True,False,-120,-42.1159134,8.112264,-14.55504,-35.6731377,-25,27.0408764,-29.11008,49.110714,698.725159,349,349,-54.47417,-2.382159,0,0.6501053064400596,0.12522169051764323,0.2246730030422972,0.4493460060845944
17.81667,True,False,-120,-42.60375,7.964775,-14.7491207,-35.8194046,-25,26.54925,-29.4982414,49.2520866,699.376953,349,349,-52.68983,-2.330215,0,0.6522548316526356,0.12193910105979218,0.2258060672875722,0.4516121345751444
17.83333,True,False,-120,-42.9967232,7.81536245,-14.9412813,-35.8708038,-25,26.0512066,-29.8825626,49.38161,699.8231,349,349,-50.95995,-2.278315,0,0.653909072560428,0.11885874157505785,0.22723218586451413,0.4544643717290282
17.85,True,False,-120,-43.2022476,7.66405,-15.1312675,-35.73503,-25,25.546833,-30.2625351,49.4994926,699.8231,350,349,-49.28392,-2.226458,-1,0.6546036590068078,0.11612625387599336,0.2292700871171988,0.45854017423439775
17.86667,True,False,-120,-43.38517,7.52242041,-14.5917358,-36.3158531,-25,25.0747337,-29.1834717,49.60595,700.405,350,350,-47.53697,-2.304826,1,0.6623758214077055,0.11484729454898615,0.22277688404330837,0.44555376808661684
17.88334,True,False,-120,-43.5469856,7.374625,-14.7795792,-36.1420326,-25,24.5820827,-29.5591583,49.700386,701.0647,350,350,-45.87221,-2.222682,1,0.6628036072491338,0.11224492315053934,0.22495146960032675,0.4499029392006536
17.9,True,False,-120,-43.6887932,7.224974,-14.9647331,-35.9490356,-25,24.0832462,-29.9294662,49.7832527,701.7215,350,350,-44.28902,-2.140607,0,0.6631722489286842,0.10967119723579985,0.2271565538355159,0.45431310767103195
17.91667,True,False,-120,-43.81431,7.073507,-15.14704,-35.7407761,-25,23.5783558,-30.29408,49.8550224,701.822632,351,350,-42.75804,-2.088865,0,0.6635027618822587,0.10711777569231352,0.22937946242542784,0.4587589248508558
17.93333,True,False,-120,-43.784668,6.92887,-14.6079845,-36.1055527,-25,23.0962334,-29.21597,49.91599,702.2031,351,351,-41.27885,-2.037166,-1,0.6702946643657915,0.10607330838009785,0.22363202725411063,0.44726405450822126
17.95,True,False,-120,-43.63356,6.78098965,-14.7878122,-35.62674,-25,22.6032982,-29.5756245,49.96645,702.8682,351,351,-39.72682,-2.115691,1,0.6692021387258995,0.10399914140533546,0.226798719868765,0.45359743973752986
17.96667,True,False,-120,-43.46355,6.631346,-14.964365,-35.13053,-25,22.1044865,-29.92873,50.00583,703.5298,351,351,-38.25499,-2.033705,1,0.6680609237169172,0.10192777935181281,0.23001129693127012,0.4600225938625402
17.98333,True,False,-120,-43.4080276,6.47997332,-15.1375456,-34.7504539,-25,21.59991,-30.2750912,50.0346527,703.822144,352,351,-36.86305,-1.951787,0,0.667553445116358,0.09965273137699729,0.2327938235066448,0.4655876470132895
18,True,False,-120,-43.28335,6.33383656,-14.6031551,-35.0140343,-25,21.1127872,-29.20631,50.0534477,704.107849,352,352,-35.52171,-1.900203,0,0.6739819328454192,0.09862664066057228,0.22739142649400848,0.454782852988017
18.01667,True,False,-120,-42.93142,6.18609762,-14.7736073,-34.34391,-25,20.6203251,-29.5472145,50.06256,704.775452,352,352,-34.23073,-1.848661,-1,0.671946534886586,0.09682248712549354,0.2312309779879205,0.46246195597584105
18.03333,True,False,-120,-42.56553,6.036693,-14.9406395,-33.6615829,-25,20.1223087,-29.881279,50.06232,705.439,352,352,-32.86552,-1.927343,1,0.6698711440643708,0.09500190521004621,0.23512695072558307,0.47025390145116597
18.05,True,False,-120,-42.33766,5.885655,-15.1039314,-33.1193848,-25,19.6188488,-30.2078629,50.05218,705.8216,353,352,-31.57927,-1.845514,0,0.6685536227578656,0.09294032718277168,0.23850605005936276,0.4770121001187255
18.06667,True,False,-120,-42.14017,5.739312,-14.5766239,-33.30286,-25,19.13104,-29.1532478,50.0326958,706.104553,353,353,-30.34276,-1.794018,0,0.6747165772306019,0.09189352934025943,0.23338989342913868,0.4667797868582775
18.08333,True,False,-120,-41.7049828,5.59194,-14.7370224,-32.5599,-25,18.6398,-29.4740448,50.0042229,706.77124,353,353,-29.15587,-1.742564,0,0.6722929303551695,0.09014322693762833,0.23756384270720218,0.4751276854144043
18.1,True,False,-120,-41.25914,5.443004,-14.8937435,-31.8084011,-25,18.1433468,-29.787487,49.96712,707.43335,353,353,-28.01836,-1.691154,0,0.6698359529278639,0.08836635400374741,0.24179769306838866,0.4835953861367773
18.11667,True,False,-120,-40.9597435,5.29253626,-15.0467587,-31.20552,-25,17.6417866,-30.0935173,49.9217453,707.8211,354,353,-26.9301,-1.639786,0,0.6681955301261018,0.08633962934758896,0.2454648405263093,0.4909296810526186
18.13334,True,False,-120,-40.66098,5.14703274,-14.5285683,-31.2794456,-25,17.1567745,-29.0571365,49.8684654,708.173767,354,354,-25.89095,-1.588462,-1,0.6739026192591837,0.08530534298235737,0.24079203775845898,0.48158407551691795
18.15,True,False,-120,-40.16848,5.000238,-14.6791115,-30.4896069,-25,16.66746,-29.358223,49.80764,708.8316,354,354,-24.7765,-1.667361,1,0.6711768887123968,0.08354919538059438,0.24527391590700878,0.4905478318140175
18.16667,True,False,-120,-39.668087,4.85198259,-14.8257809,-29.6942883,-25,16.173275,-29.6515617,49.73874,709.4845,354,354,-23.73988,-1.585748,0,0.6684222514712166,0.08175773958817185,0.24982000894061163,0.49964001788122314
18.18333,True,False,-120,-39.3464928,4.702296,-14.96865,-29.08014,-25,15.6743193,-29.9373,49.6623268,709.8206,355,354,-22.75212,-1.534469,0,0.6666926522063849,0.07967638202557852,0.25363096576803673,0.5072619315360734
18.2,True,False,-120,-38.9269142,4.55828571,-14.4629374,-29.0222626,-25,15.1942854,-28.9258747,49.57878,710.2965,355,355,-21.81306,-1.483232,0,0.6717543653173207,0.07866147078403822,0.2495841638986411,0.49916832779728226
18.21667,True,False,-120,-38.3887672,4.41225243,-14.6034555,-28.1975632,-25,14.7075071,-29.2069111,49.4884644,710.955566,355,355,-20.92278,-1.432037,0,0.6687417159213384,0.07686251672901585,0.25439576734964564,0.5087915346992914
18.23333,True,False,-120,-37.8471,4.26484537,-14.7403755,-27.3715687,-25,14.21615,-29.480751,49.3917427,711.6094,356,355,-20.08107,-1.380886,-1,0.665708970554468,0.07501620522673308,0.2592748242187989,0.5185496484375978
18.25,True,False,-120,-37.5553665,4.118245,-14.2546835,-27.4189281,-25,13.7274828,-28.509367,49.28898,711.834656,356,356,-19.16374,-1.459958,1,0.6714913533480683,0.07363437415712387,0.2548742724948079,0.5097485449896157
18.26667,True,False,-120,-36.9964256,3.97434831,-14.3893757,-26.581398,-25,13.2478275,-28.7787514,49.17964,712.4939,356,356,-18.32381,-1.378518,0,0.6682862286433766,0.07179077979373978,0.2599229915628835,0.5198459831257671
18.28333,True,False,-120,-36.43566,3.82914615,-14.5204687,-25.744339,-25,12.76382,-29.0409374,49.064312,713.1477,356,356,-17.53242,-1.327411,0,0.6650630137342461,0.06989371068200455,0.2650432755837493,0.5300865511674987
18.3,True,False,-120,-35.8740273,3.682666,-14.64802,-24.9086742,-24.90867,12.2755527,-29.29604,48.9433479,713.795837,357,356,-16.78957,-1.276347,0,0.6618248693882494,0.06793995901459736,0.2702351715971533,0.5404703431943068
18.31667,True,False,-120,-35.5190773,3.53897762,-14.1798487,-24.8782063,-24.87821,11.7965918,-28.3596973,48.817112,714.0852,357,357,-16.09523,-1.225325,-1,0.6671764830096817,0.06647477416204091,0.2663487428282775,0.532697485656555
18.33333,True,False,-120,-34.94843,3.39591861,-14.3057594,-24.0385876,-24.03859,11.3197279,-28.6115189,48.68596,714.735,357,357,-15.32518,-1.304527,0,0.6637864825151382,0.06449974631305604,0.2717137711718058,0.5434275423436116
18.35,True,False,-120,-34.37802,3.25163579,-14.4280882,-23.2015686,-23.20157,10.8387852,-28.8561764,48.5493736,715.378967,357,357,-14.60356,-1.253481,0,0.6603824400574068,0.06246209575706202,0.2771554641855313,0.5543109283710624
18.36667,True,False,-120,-33.9231834,3.10616374,-14.5469131,-22.4824333,-22.48244,10.353879,-29.0938263,48.40772,715.8191,358,357,-13.93044,-1.202479,0,0.657728637984707,0.06022467944643674,0.28204668256885623,0.5640933651377124
18.38334,True,False,-120,-33.40851,2.96562052,-14.0975571,-22.2765713,-22.27657,9.885402,-28.1951141,48.26134,716.3657,358,358,-13.30583,-1.151518,0,0.6619257563078094,0.05875810102345058,0.27931614266874005,0.55863228533748
