time,e_before,e_after,z,vx,vz,body_yaw,omega,theta,key,a_lat,phi,remaining
0.0166666675,10,10,0.8397328,0,50.38397,-0.07660734,-0.08022302,-6.89210224,1,-3,-6.89210224,-6.89210224
0.0333333351,10,9.99999,1.68586516,-0.0005567456,50.7679367,-0.2297582,-0.160379186,-6.89210224,1,-3,-6.815503,-6.75404644
0.0500000045,9.99999,9.999953,2.53839684,-0.002226167,51.1519,-0.459388763,-0.240468562,-6.89145327,1,-2.999719,-6.662358,-6.41673565
0.06666667,9.999953,9.999861,3.397328,-0.00556337042,51.5358543,-0.765435338,-0.3204912,-6.889501,1,-2.998873,-6.43262243,-5.880433
0.0833333358,9.999861,9.999676,4.26265764,-0.011122603,51.9197845,-1.14783418,-0.40044713,-6.88558531,1,-2.99717665,-6.12633848,-5.14548635
0.100000009,9.999676,9.9993515,5.13438559,-0.019457167,52.30367,-1.60652173,-0.480336457,-6.87904024,1,-2.99434161,-5.743481,-4.212176
0.116666675,9.9993515,9.998833,6.0125103,-0.03111928,52.6874733,-2.14143443,-0.5601592,-6.869196,1,-2.990077,-5.283991,-3.0807476
0.13333334,9.998833,9.998055,6.8970294,-0.046659857,53.0711479,-2.75250864,-0.6399154,-6.85537624,1,-2.98409033,-4.747802,-1.75143957
0.15,9.998055,9.996945,7.78794,-0.0666282,53.4546356,-3.31536674,-0.5894238,-6.836902,0,-2.97608685,-4.134784,-0.224426419
0.166666672,9.996945,9.995434,8.685239,-0.0906697139,53.8379059,-3.830049,-0.5389742,-6.813088,0,-2.96576953,-3.56913042,-0.25151
0.183333337,9.995434,9.99346,9.588922,-0.118430458,54.2209435,-4.296596,-0.488566726,-6.784297,0,-2.95329547,-3.050746,-0.276740164
0.200000018,9.99346,9.990967,10.4989843,-0.149557337,54.60374,-4.71504736,-0.438201249,-6.750895,0,-2.93882275,-2.57944727,-0.3000545
0.216666684,9.990967,9.9879055,11.4154224,-0.1836982,54.9862976,-5.0854435,-0.387877733,-6.7132535,0,-2.92251158,-2.15511751,-0.32145828
0.233333349,9.9879055,9.98423,12.338233,-0.22050184,55.3686256,-5.407824,-0.337596148,-6.67174244,0,-2.90452266,-1.77769947,-0.341016
0.25,9.98423,9.979903,13.2674122,-0.259618,55.75074,-5.68222952,-0.287356466,-6.626739,0,-2.885018,-1.447082,-0.358737677
0.266666681,9.979903,9.974892,14.2029562,-0.300697476,56.13266,-5.90869951,-0.237158656,-6.57862043,0,-2.864162,-1.16318464,-0.374663532
0.283333361,9.974892,9.969169,15.1448631,-0.343391925,56.5144119,-6.0872736,-0.187002674,-6.52777,0,-2.842119,-0.9259634,-0.3888706
0.3,9.969169,9.962712,16.09313,-0.387354,56.89603,-6.217993,-0.1368885,-6.474569,0,-2.81905484,-0.7354026,-0.401463658
0.3166667,9.962712,9.955508,17.0477562,-0.432237029,57.2775459,-6.30089569,-0.0868160948,-6.41940355,0,-2.795137,-0.591461658,-0.412522554
0.333333343,9.955508,9.947547,18.00874,-0.477695227,57.6589966,-6.33602333,-0.03678541,-6.362665,0,-2.770534,-0.4941044,-0.422131
0.350000024,9.947547,9.938824,18.97608,-0.5233834,58.0404167,-6.33602333,0,-6.304747,0,-2.74541664,-0.443357944,-0.430436164
0.366666675,9.938824,9.929339,19.9497776,-0.5690479,58.4218369,-6.33602333,0,-6.24604273,0,-2.71995544,-0.426645756,-0.426645756
0.383333355,9.929339,9.919095,20.9298325,-0.6146891,58.803257,-6.33602333,0,-6.18684626,0,-2.694278,-0.408861637,-0.408861637
0.400000036,9.919095,9.90809,21.9162445,-0.660307348,59.1846771,-6.33602333,0,-6.127157,0,-2.668384,-0.3900051,-0.3900051
0.4166667,9.90809,9.896324,22.9090137,-0.7059029,59.5660973,-6.33602333,0,-6.06697559,0,-2.64227343,-0.3701372,-0.3701372
0.433333367,9.896324,9.8838,23.9081383,-0.751476,59.94752,-6.33602333,0,-6.006301,0,-2.61594582,-0.349196434,-0.349196434
0.450000018,9.8838,9.870516,24.91362,-0.797027051,60.3289452,-6.33602333,0,-5.94513464,0,-2.589402,-0.327275753,-0.327275753
0.4666667,9.870516,9.856473,25.9254589,-0.8425563,60.71037,-6.33602333,0,-5.8834753,0,-2.56264138,-0.3043127,-0.3043127
0.483333349,9.856473,9.841672,26.943655,-0.888064,61.0917931,-6.33602333,0,-5.821324,0,-2.53566384,-0.280369282,-0.280369282
0.5,9.841672,9.826113,27.9682083,-0.933550537,61.473217,-6.33602333,0,-5.75868,0,-2.50846958,-0.255445,-0.255445
0.5166667,9.826113,9.809795,28.9991188,-0.979016066,61.85464,-6.33602333,0,-5.695543,0,-2.4810586,-0.2295394,-0.2295394
0.533333361,9.809795,9.792721,30.0363865,-1.02446079,62.2360649,-6.33602333,0,-5.631914,0,-2.45343065,-0.202653885,-0.202653885
0.55,9.792721,9.774889,31.0800114,-1.06988513,62.61749,-6.33602333,0,-5.567793,0,-2.425586,-0.174787521,-0.174787521
0.5666667,9.774889,9.756301,32.1299934,-1.11528933,62.9989128,-6.33602333,0,-5.5031786,0,-2.39752436,-0.145970345,-0.145970345
0.5833334,9.756301,9.736957,33.1863327,-1.1606735,63.3803368,-6.33602333,0,-5.438072,0,-2.36924577,-0.116233826,-0.116233826
0.6,9.736957,9.716856,34.2490273,-1.206038,63.76176,-6.33602333,0,-5.372474,0,-2.34075046,-0.085547924,-0.085547924
0.6166667,9.716856,9.695999,35.31808,-1.25138307,64.14319,-6.33602333,0,-5.306383,0,-2.312038,-0.0539417267,-0.0539417267
0.6333334,9.695999,9.674387,36.39349,-1.29670906,64.52462,-6.33602333,0,-5.2397995,0,-2.28310823,-0.0213851929,-0.0213851929
0.650000036,9.674387,9.65202,37.4752579,-1.3420161,64.90605,-6.33602333,0,-5.17272329,0,-2.25396156,0.0120606422,0.0120606422
0.6666667,9.65202,9.628899,38.56338,-1.38730443,65.28748,-6.33602333,0,-5.105156,0,-2.22459817,0.04639435,0.04639435
0.6833334,9.628899,9.605022,39.6578636,-1.43257415,65.6689148,-6.33602333,0,-5.037096,0,-2.19501758,0.08164787,0.08164787
0.700000048,9.605022,9.580392,40.7587,-1.47782564,66.05035,-6.33602333,0,-4.968543,0,-2.16521978,0.117791176,0.117791176
0.7166667,9.580392,9.555008,41.8659,-1.52305913,66.43178,-6.33602333,0,-4.899498,0,-2.13520479,0.1548233,0.1548233
0.733333349,9.555008,9.52887,42.97945,-1.56827474,66.81321,-6.33602333,0,-4.8299613,0,-2.10497284,0.192713261,0.192713261
0.75000006,9.52887,9.501979,44.09936,-1.6134727,67.19464,-6.33602333,0,-4.75993156,0,-2.07452369,0.231493,0.231493
0.7666667,9.501979,9.474335,45.2256279,-1.65865326,67.57607,-6.33602333,0,-4.68940973,0,-2.04385734,0.271131039,0.271131039
0.783333361,9.474335,9.445938,46.3582535,-1.70381665,67.9575043,-6.33602333,0,-4.618396,0,-2.01297379,0.3116274,0.3116274
0.8000001,9.445938,9.416789,47.4972343,-1.748963,68.3389359,-6.33602333,0,-4.54689,0,-1.98187327,0.352951527,0.352951527
0.8166667,9.416789,9.386888,48.6425743,-1.79409254,68.72037,-6.33602333,0,-4.47489166,0,-1.95055532,0.395133972,0.395133972
0.8333334,9.386888,9.356235,49.79427,-1.8392055,69.1018,-6.33602333,0,-4.40240049,0,-1.91902,0.438175678,0.438175678
0.85,9.356235,9.324829,50.9523239,-1.884302,69.48324,-6.33602333,0,-4.32941771,0,-1.88726771,0.482014179,0.482014179
0.866666734,9.324829,9.292673,52.1167336,-1.92938232,69.86468,-6.33602333,0,-4.25594234,0,-1.8552978,0.526711464,0.526711464
0.8833334,9.292673,9.259766,53.2875023,-1.97444654,70.24612,-6.33602333,0,-4.18197441,0,-1.82311094,0.5722065,0.5722065
0.900000036,9.259766,9.226108,54.46463,-2.019495,70.6275558,-6.33602333,0,-4.10751438,0,-1.79070652,0.6185293,0.6185293
0.9166667,9.226108,9.191699,55.6481133,-2.06452775,71.0089951,-6.33602333,0,-4.03256226,0,-1.75808489,0.6656494,0.6656494
0.9333334,9.191699,9.15654,56.8379555,-2.109545,71.3904343,-6.33602333,0,-3.957118,0,-1.725246,0.7135973,0.7135973
0.950000048,9.15654,9.120631,58.034153,-2.154547,71.77187,-6.33602333,0,-3.88118076,0,-1.69218957,0.7623129,0.7623129
0.9666667,9.120631,9.083972,59.23671,-2.1995337,72.15331,-6.33602333,0,-3.804751,0,-1.658916,0.8118262,0.8118262
0.9833334,9.083972,9.046563,60.44562,-2.24450541,72.53475,-6.33602333,0,-3.727829,0,-1.62542486,0.862167358,0.862167358
1,9.046563,9.008406,61.6608925,-2.28946233,72.91619,-6.33602333,0,-3.65041423,0,-1.59171641,0.9132452,0.9132452
1.01666677,9.008406,8.969499,62.88252,-2.33440447,73.29763,-6.33602333,0,-3.57250762,0,-1.55779064,0.9651509,0.9651509
1.03333342,8.969499,8.929843,64.1105042,-2.379332,73.67907,-6.33602333,0,-3.4941082,0,-1.52364743,1.01779366,1.01779366
1.05000007,8.929843,8.889439,65.34485,-2.42424536,74.06051,-6.33602333,0,-3.415216,0,-1.4892869,1.07123423,1.07123423
1.06666672,8.889439,8.848287,66.58555,-2.46914434,74.44195,-6.33602333,0,-3.33583188,0,-1.454709,1.125411,1.125411
1.08333337,8.848287,8.806386,67.8326,-2.51402926,74.82339,-6.33602333,0,-3.255955,0,-1.41991389,1.18038559,1.18038559
1.1,8.806386,8.763738,69.08601,-2.55890036,75.20483,-6.33602333,0,-3.17558551,0,-1.38490129,1.23609638,1.23609638
1.11666667,8.763738,8.720342,70.34579,-2.60375762,75.5862656,-6.33602333,0,-3.09472322,0,-1.34967124,1.29254484,1.29254484
1.13333344,8.720342,8.676198,71.6119156,-2.64860129,75.96771,-6.33602333,0,-3.01336813,0,-1.31422377,1.34976053,1.34976053
1.1500001,8.676198,8.631308,72.8844,-2.69343162,76.34916,-6.33602333,0,-2.93152,0,-1.27855885,1.40774393,1.40774393
1.16666675,8.631308,8.58567,74.1632462,-2.73824859,76.7306061,-6.33602333,0,-2.84917927,0,-1.24267662,1.46643353,1.46643353
1.1833334,8.58567,8.539287,75.44845,-2.78305221,77.11205,-6.259416,0.08022302,-2.76634526,-1,-1.206577,1.5258913,1.5258913
1.2,8.539287,8.492166,76.7400055,-2.827289,77.49356,-6.106265,0.160379186,-2.683019,-1,-1.17026,1.50947809,1.44802141
1.2166667,8.492166,8.444325,78.0379257,-2.87040663,77.87518,-5.8766346,0.240468562,-2.5998404,-1,-1.13400519,1.4169836,1.17136157
1.23333335,8.444325,8.395795,79.34221,-2.911852,78.25698,-5.694902,0.190309823,-2.51745725,0,-1.09809446,1.248313,0.6961236
1.25000012,8.395795,8.346596,80.6528549,-2.95197153,78.638916,-5.561028,0.140192881,-2.43652129,0,-1.06281257,1.12749624,0.7816415
1.26666677,8.346596,8.296744,81.96987,-2.991112,79.02094,-5.474972,0.0901177153,-2.356651,0,-1.02799308,1.05463266,0.8669504
1.28333342,8.296744,8.246251,83.29326,-3.02962,79.40303,-5.436694,0.04008428,-2.27745938,0,-0.9934674,1.02982426,0.9522725
1.30000007,8.246251,8.195121,84.62301,-3.06784081,79.78515,-5.436694,0,-2.19855571,0,-0.959065437,1.05311584,1.03777242
1.31666672,8.195121,8.143353,85.95913,-3.10605216,80.16727,-5.436694,0,-2.11954713,0,-0.9246159,1.11515713,1.11515713
1.33333337,8.143353,8.091096,87.29783,-3.13544941,80.3221359,-5.436694,0,-2.040115,0,-0.8899801,1.17783451,1.17783451
1.35,8.091096,8.038451,88.63651,-3.15869045,80.3212357,-5.436694,0,-1.97045624,0,-0.8596042,1.23080063,1.23080063
1.36666679,8.038451,7.985421,89.97518,-3.18181086,80.3203354,-5.436694,0,-1.90759182,0,-0.8321902,1.27709389,1.27709389
1.38333344,7.985421,7.932008,91.3138351,-3.204811,80.31942,-5.436694,0,-1.84460342,0,-0.804721,1.32360268,1.32360268
1.4000001,7.932008,7.878213,92.65247,-3.22769237,80.31851,-5.436694,0,-1.78149116,0,-0.7771969,1.37029648,1.37029648
1.41666675,7.878213,7.82403851,93.9911041,-3.250455,80.3176041,-5.436694,0,-1.718255,0,-0.7496178,1.41720581,1.41720581
1.4333334,7.82403851,7.769487,95.32971,-3.27309942,80.31669,-5.436694,0,-1.654896,0,-0.7219842,1.46432948,1.46432948
1.45,7.769487,7.71455956,96.66831,-3.2956264,80.31578,-5.36008644,0.08022302,-1.59141493,-1,-0.6942965,1.51166677,1.51166677
1.4666667,7.71455956,7.65926838,98.0069,-3.317482,80.31491,-5.206936,0.160379186,-1.527812,-1,-0.666554749,1.48257923,1.42112243
1.48333347,7.65926838,7.603633,99.34547,-3.33811474,80.31412,-4.97730541,0.240468562,-1.46473062,-1,-0.639039636,1.37691545,1.13129342
1.50000012,7.603633,7.54768324,100.684021,-3.35697556,80.31341,-4.79557276,0.190309823,-1.40281558,0,-0.6120326,1.19449067,0.6423014
1.51666677,7.54768324,7.49144268,102.022568,-3.37441921,80.3127441,-4.66169834,0.140192881,-1.34271729,0,-0.5858173,1.05939817,0.7135434
1.53333342,7.49144268,7.43492937,103.3611,-3.39080024,80.31211,-4.57564259,0.0901177153,-1.28404462,0,-0.5602233,0.971775532,0.784093261
1.55000007,7.43492937,7.37815475,104.699623,-3.40647054,80.31146,-4.537365,0.04008428,-1.22640383,0,-0.535078764,0.931672633,0.854120851
1.56666672,7.37815475,7.321125,106.038139,-3.4217813,80.31082,-4.537365,0,-1.16939926,0,-0.5102112,0.93923,0.9238866
1.58333337,7.321125,7.26384163,107.37664,-3.437013,80.31018,-4.537365,0,-1.11263239,0,-0.48544696,0.985071659,0.985071659
1.60000014,7.26384163,7.2063055,108.715134,-3.452165,80.30953,-4.537365,0,-1.05578291,0,-0.460646123,1.03105688,1.03105688
1.61666679,7.2063055,7.148518,110.053612,-3.46723819,80.30888,-4.537365,0,-0.9988519,0,-0.435809284,1.07715416,1.07715416
1.63333344,7.148518,7.090481,111.392082,-3.48223329,80.3082352,-4.537365,0,-0.9418392,0,-0.410936415,1.12342453,1.12342453
1.6500001,7.090481,7.032195,112.730545,-3.497151,80.30759,-4.537365,0,-0.8847455,0,-0.3860277,1.16980648,1.16980648
1.66666675,7.032195,6.973662,114.068993,-3.5119915,80.3069458,-4.537365,0,-0.8275704,0,-0.36108315,1.21636152,1.21636152
1.6833334,6.973662,6.91488266,115.407433,-3.52675486,80.3063,-4.537365,0,-0.770314336,0,-0.3361029,1.26302814,1.26302814
1.7,6.91488266,6.855859,116.745857,-3.54144144,80.30565,-4.537365,0,-0.712978363,0,-0.311087459,1.30983543,1.30983543
1.7166667,6.855859,6.79659128,118.084274,-3.55605268,80.3050156,-4.537365,0,-0.6555628,0,-0.286037,1.35675287,1.35675287
1.73333347,6.79659128,6.73708153,119.422684,-3.57058764,80.30437,-4.537365,0,-0.598066866,0,-0.260951132,1.40384245,1.40384245
1.75000012,6.73708153,6.677331,120.761078,-3.58504725,80.3037338,-4.537365,0,-0.5404922,0,-0.235830724,1.45104122,1.45104122
1.76666677,6.677331,6.61734056,122.099464,-3.59943175,80.3030853,-4.537365,0,-0.482838929,0,-0.210675746,1.49837947,1.49837947
1.78333342,6.61734056,6.55711174,123.437836,-3.61374187,80.3024445,-4.46075726,0.08022302,-0.42510736,-1,-0.185486376,1.54582644,1.54582644
1.80000007,6.55711174,6.49665451,124.7762,-3.62742281,80.30186,-4.3076067,0.160379186,-0.367297471,-1,-0.160262659,1.51683593,1.45537913
1.81666672,6.49665451,6.43598938,126.114555,-3.63992119,80.30132,-4.077976,0.240468562,-0.310051948,-1,-0.13528502,1.41116524,1.1655432
1.83333337,6.43598938,6.37514448,127.4529,-3.65068913,80.30088,-3.89624357,0.190309823,-0.2540189,0,-0.1108363,1.22865677,0.6764675
1.85000014,6.37514448,6.314143,128.791245,-3.660081,80.30048,-3.76236916,0.140192881,-0.199845463,0,-0.08719886,1.09340692,0.7475521
1.86666679,6.314143,6.253002,130.129578,-3.668452,80.30013,-3.67631316,0.0901177153,-0.147141635,0,-0.06420258,1.005553,0.8178708
1.88333344,6.253002,6.191733,131.467911,-3.676154,80.2998,-3.63803554,0.04008428,-0.09551145,0,-0.04167471,0.9651459,0.8875941
1.9000001,6.191733,6.13034058,132.806229,-3.68353772,80.29945,-3.63803554,0,-0.0445600562,0,-0.01944299,0.9723265,0.956983149
1.91666675,6.13034058,6.06882572,134.144547,-3.690883,80.29912,-3.63803554,0,-0.0061114314,0,0.002666615,1.00549555,1.00549555
1.9333334,6.06882572,6.00718927,135.482864,-3.69819021,80.29878,-3.63803554,0,-0.05682292,0,0.0247936714,0.949534953,0.949534953
1.95,6.00718927,5.94543171,136.821167,-3.70545983,80.29846,-3.63803554,0,-0.107574604,0,0.04693825,0.8935952,0.8935952
1.96666682,5.94543171,5.8835535,138.15947,-3.712691,80.29813,-3.63803554,0,-0.1583665,0,0.0691003352,0.8376155,0.8376155
1.98333347,5.8835535,5.82155561,139.497772,-3.71988463,80.29779,-3.63803554,0,-0.209197462,0,0.09127941,0.78162694,0.78162694
2,5.82155561,5.759438,140.83606,-3.72704124,80.2974548,-3.63803554,0,-0.2600677,0,0.113475561,0.7255993,0.7255993
2.016667,5.759438,5.697202,142.174347,-3.73416114,80.29713,-3.63803554,0,-0.3109781,0,0.135689139,0.6695924,0.6695924
2.03333354,5.697202,5.634848,143.512634,-3.74124384,80.29679,-3.63803554,0,-0.361928016,0,0.157919839,0.613576651,0.613576651
2.05000019,5.634848,5.57237673,144.8509,-3.74829,80.29646,-3.63803554,0,-0.4129169,0,0.180167422,0.5575218,0.5575218
2.06666684,5.57237673,5.50978851,146.189178,-3.75529981,80.29614,-3.63803554,0,-0.463944942,0,0.202431947,0.5014584,0.5014584
2.08333349,5.50978851,5.447084,147.527435,-3.762273,80.2958145,-3.63803554,0,-0.515011847,0,0.224713281,0.445386648,0.445386648
2.10000014,5.447084,5.384264,148.865692,-3.76920986,80.29549,-3.63803554,0,-0.5661174,0,0.247011289,0.389306784,0.389306784
2.11666679,5.384264,5.32132864,150.203949,-3.77611113,80.295166,-3.63803554,0,-0.617260933,0,0.269325674,0.3332193,0.3332193
2.13333344,5.32132864,5.258279,151.542191,-3.78297615,80.2948456,-3.63803554,0,-0.668443561,0,0.2916569,0.2771232,0.2771232
2.15,5.258279,5.19511557,152.880432,-3.789806,80.2945251,-3.63803554,0,-0.719664,0,0.314004362,0.220989466,0.220989466
2.16666675,5.19511557,5.131839,154.218674,-3.7966,80.2942047,-3.63803554,0,-0.7709224,0,0.3363682,0.164848328,0.164848328
2.1833334,5.131839,5.0684495,155.5569,-3.80335927,80.2938843,-3.63803554,0,-0.8222189,0,0.358748347,0.108730078,0.108730078
2.2,5.0684495,5.004948,156.895126,-3.81008315,80.2935638,-3.63803554,0,-0.8735532,0,0.381144732,0.05257392,0.05257392
2.2166667,5.004948,4.941335,158.233353,-3.81677246,80.29324,-3.63803554,0,-0.9249248,0,0.403557062,-0.00361943245,-0.00361943245
2.23333335,4.941335,4.87761164,159.571564,-3.8234272,80.29292,-3.63803554,0,-0.976334333,0,0.4259856,-0.0597896576,-0.0597896576
2.25,4.87761164,4.81377745,160.909775,-3.83004785,80.29262,-3.63803554,0,-1.027781,0,0.448430061,-0.115997076,-0.115997076
2.266667,4.81377745,4.74983358,162.247986,-3.83663368,80.292305,-3.63803554,0,-1.07926571,0,0.470890641,-0.172211885,-0.172211885
2.28333354,4.74983358,4.68578053,163.586182,-3.843185,80.2919846,-3.63803554,0,-1.13078666,0,0.493366718,-0.228402138,-0.228402138
2.30000019,4.68578053,4.62161875,164.924377,-3.84970284,80.29168,-3.63803554,0,-1.18234384,0,0.515858233,-0.284659147,-0.284659147
2.31666684,4.62161875,4.557349,166.262573,-3.85618639,80.29137,-3.63803554,0,-1.23393881,0,0.5383657,-0.340892553,-0.340892553
2.33333349,4.557349,4.492972,167.600754,-3.86263657,80.29106,-3.63803554,0,-1.28556931,0,0.56088835,-0.397161722,-0.397161722
2.35000014,4.492972,4.428488,168.938934,-3.86905313,80.29075,-3.63803554,0,-1.33723688,0,0.583426654,-0.4534376,-0.4534376
2.36666679,4.428488,4.36389732,170.277115,-3.875437,80.29045,-3.63803554,0,-1.38894033,0,0.605980158,-0.509718657,-0.509718657
2.38333344,4.36389732,4.299201,171.61528,-3.881787,80.29013,-3.63803554,0,-1.44068062,0,0.6285493,-0.566005945,-0.566005945
2.4,4.299201,4.23439932,172.953445,-3.88810468,80.28983,-3.63803554,0,-1.49245608,0,0.6511332,-0.622298,-0.622298
2.41666675,4.23439932,4.16949272,174.291611,-3.89438915,80.28953,-3.63803554,0,-1.54426825,0,0.6737325,-0.6786268,-0.6786268
2.4333334,4.16949272,4.104482,175.629761,-3.90064144,80.28922,-3.63803554,0,-1.59611559,0,0.6963467,-0.7349603,-0.7349603
2.45,4.104482,4.03936768,176.967911,-3.90686131,80.2889252,-3.63803554,0,-1.64799881,0,0.718976,-0.7912991,-0.7912991
2.4666667,4.03936768,3.97415018,178.306061,-3.91304827,80.28862,-3.63803554,0,-1.699918,0,0.7416203,-0.847673655,-0.847673655
2.48333335,3.97415018,3.90883017,179.6442,-3.91920352,80.28832,-3.63803554,0,-1.75187147,0,0.764279,-0.904022,-0.904022
2.50000024,3.90883017,3.843408,180.98233,-3.92532682,80.2880249,-3.63803554,0,-1.80386066,0,0.7869527,-0.9604056,-0.9604056
2.516667,3.843408,3.77788448,182.320465,-3.93141818,80.28772,-3.63803554,0,-1.85588467,0,0.809640944,-1.01679349,-1.01679349
2.53333354,3.77788448,3.71225977,183.658585,-3.93747854,80.28742,-3.63803554,0,-1.90794373,0,0.8323437,-1.07321668,-1.07321668
2.55000019,3.71225977,3.64653468,184.9967,-3.943508,80.28713,-3.63803554,0,-1.96003854,0,0.8550613,-1.12964511,-1.12964511
2.56666684,3.64653468,3.5807097,186.334824,-3.94950557,80.2868347,-3.63803554,0,-2.01216817,0,0.8777935,-1.18607736,-1.18607736
2.58333349,3.5807097,3.514785,187.672928,-3.95547223,80.2865448,-3.63803554,0,-2.06433177,0,0.9005398,-1.2425139,-1.2425139
2.60000014,3.514785,3.4487617,189.011032,-3.96140742,80.28625,-3.63803554,0,-2.11653018,0,0.923300564,-1.29895425,-1.29895425
2.61666679,3.4487617,3.38264,190.349136,-3.96731234,80.28596,-3.63803554,0,-2.16876221,0,0.946075141,-1.355428,-1.355428
2.63333344,3.38264,3.31642,191.687225,-3.97318673,80.28567,-3.63803554,0,-2.22102952,0,0.968864143,-1.41190648,-1.41190648
2.65,3.31642,3.250103,193.025314,-3.97903061,80.2853851,-3.63803554,0,-2.27333045,0,0.99166733,-1.46841931,-1.46841931
2.66666675,3.250103,3.18368888,194.3634,-3.984844,80.2850952,-3.71464276,-0.08022302,-2.32566547,1,1.01448441,-1.52490449,-1.52490449
2.6833334,3.18368888,3.11716914,195.701477,-3.9911828,80.2847748,-3.86779356,-0.160379186,-2.378034,1,1.03731525,-1.5048244,-1.4433676
2.7,3.11716914,3.050526,197.039551,-3.99859977,80.2843857,-4.097424,-0.240468562,-2.43108034,1,1.06044066,-1.40925,-1.163628
2.7166667,3.050526,2.98373175,198.377609,-4.00764465,80.283905,-4.27915668,-0.190309823,-2.48545027,0,1.08414209,-1.239285,-0.6870957
2.73333359,2.98373175,2.91676569,199.715668,-4.017962,80.28336,-4.413031,-0.140192881,-2.54179335,0,1.10870278,-1.1203351,-0.774480343
2.75000024,2.91676569,2.84961247,201.053711,-4.02919769,80.28277,-4.499087,-0.0901177153,-2.599717,0,1.13395131,-1.05176353,-0.864081264
2.766667,2.84961247,2.78226256,202.391754,-4.04100037,80.28216,-4.537365,-0.04008428,-2.6588254,0,1.159715,-1.03283834,-0.9552866
2.78333354,2.78226256,2.71471214,203.729782,-4.05301952,80.28155,-4.537365,0,-2.71872258,0,1.18582141,-1.0628891,-1.04754567
2.80000019,2.71471214,2.64696264,205.0678,-4.064977,80.2809448,-4.537365,0,-2.779009,0,1.2120961,-1.13175106,-1.13175106
2.81666684,2.64696264,2.57901478,206.4058,-4.07687235,80.2803345,-4.537365,0,-2.83936524,0,1.23839974,-1.2006216,-1.2006216
2.83333349,2.57901478,2.51086974,207.7438,-4.08870649,80.27974,-4.537365,0,-2.89978957,0,1.26473176,-1.26956081,-1.26956081
2.85000014,2.51086974,2.44252849,209.081787,-4.100479,80.2791443,-4.537365,0,-2.96028256,0,1.29109228,-1.33847618,-1.33847618
2.86666679,2.44252849,2.373992,210.419769,-4.11219072,80.27856,-4.537365,0,-3.02084351,0,1.317481,-1.40746021,-1.40746021
2.88333344,2.373992,2.30526137,211.757736,-4.123841,80.2779541,-4.537365,0,-3.08147216,0,1.3438977,-1.4764204,-1.4764204
2.9,2.30526137,2.23633742,213.095688,-4.135431,80.27736,-4.613972,-0.08022302,-3.14216733,1,1.370342,-1.5454464,-1.5454464
2.91666675,2.23633742,2.16721225,214.43364,-4.147516,80.27672,-4.76712275,-0.160379186,-3.20293,1,1.39681411,-1.53788042,-1.47642362
2.9333334,2.16721225,2.0978682,215.771576,-4.16064835,80.27601,-4.996753,-0.240468562,-3.26440358,1,1.42359424,-1.454853,-1.209231
2.95,2.0978682,2.02827859,217.1095,-4.17537832,80.27519,-5.178486,-0.190309823,-3.32723355,0,1.45096374,-1.29740715,-0.7452178
2.966667,2.02827859,1.95842278,218.4474,-4.19135,80.2743149,-5.31236029,-0.140192881,-3.39207077,0,1.47920561,-1.19101048,-0.8451557
2.98333359,1.95842278,1.88828588,219.7853,-4.20821047,80.2734,-5.39841652,-0.0901177153,-3.458521,0,1.50814819,-1.13499355,-0.9473113
3.00000024,1.88828588,1.817859,221.123169,-4.22560835,80.27246,-5.436694,-0.04008428,-3.5261898,0,1.53761947,-1.12862682,-1.0510751
3.016667,1.817859,1.7471391,222.461029,-4.243194,80.27152,-5.436694,0,-3.59468031,0,1.56744647,-1.17126894,-1.15592551
3.03333354,1.7471391,1.67612755,223.798874,-4.26068974,80.27061,-5.436694,0,-3.663594,0,1.59745526,-1.25275612,-1.25275612
3.05000019,1.67612755,1.604826,225.1367,-4.278094,80.26968,-5.436694,0,-3.73261046,0,1.62750661,-1.33425426,-1.33425426
3.06666684,1.604826,1.53323579,226.474518,-4.29540873,80.26876,-5.436694,0,-3.801726,0,1.65759909,-1.41579056,-1.41579056
3.08333349,1.53323579,1.46135855,227.812317,-4.312633,80.2678452,-5.436694,0,-3.870945,0,1.68773365,-1.49736881,-1.49736881
3.10000014,1.46135855,1.3891958,229.1501,-4.3297677,80.26692,-5.51330137,-0.08022302,-3.94026279,1,1.717909,-1.57898521,-1.57898521
3.11666679,1.3891958,1.31673968,230.487869,-4.34736824,80.26595,-5.66645241,-0.160379186,-4.00968,1,1.74812508,-1.58404064,-1.52258384
3.13333344,1.31673968,1.24397326,231.825623,-4.36598635,80.26489,-5.896083,-0.240468562,-4.07984,1,1.7786622,-1.51360655,-1.26798451
3.15,1.24397326,1.17087042,233.163345,-4.386172,80.26372,-6.07781553,-0.190309823,-4.15139,0,1.80980122,-1.36881733,-0.816628
3.16666675,1.17087042,1.09741092,234.501053,-4.407571,80.26248,-6.21168947,-0.140192881,-4.2249794,0,1.84182477,-1.27507877,-0.929223955
3.1833334,1.09741092,1.02358043,235.838745,-4.42983055,80.26122,-6.2977457,-0.0901177153,-4.300216,0,1.87456214,-1.23172426,-1.044042
3.20000029,1.02358043,0.949370444,237.1764,-4.452598,80.25994,-6.33602333,-0.04008428,-4.376705,0,1.90784109,-1.2380228,-1.16047108
3.216667,0.949370444,0.87477833,238.514053,-4.47552538,80.25865,-6.33602333,0,-4.45404768,0,1.94148791,-1.29336214,-1.27801883
3.23333359,0.87477833,0.799806058,239.851669,-4.498335,80.2573853,-6.33602333,0,-4.531845,0,1.97532916,-1.387517,-1.387517
3.25000024,0.799806058,0.7244556,241.18927,-4.521026,80.25612,-6.33602333,0,-4.60977745,0,2.00922561,-1.48174572,-1.48174572
3.266667,0.7244556,0.648728967,242.526855,-4.543599,80.25484,-6.41263056,-0.08022302,-4.68784428,1,2.04317641,-1.57601738,-1.57601738
3.28333354,0.648728967,0.5726188,243.86441,-4.56660938,80.25352,-6.56578159,-0.160379186,-4.766042,1,2.07718086,-1.59373,-1.53227329
3.30000019,0.5726188,0.496108651,245.20195,-4.59060764,80.25208,-6.795412,-0.240468562,-4.84501743,1,2.111519,-1.535986,-1.29036391
3.31666684,0.496108651,0.419172943,246.539459,-4.616143,80.2505341,-6.97714472,-0.190309823,-4.925414,0,2.14647126,-1.4038887,-0.8516994
3.33333349,0.419172943,0.341791868,247.876938,-4.64286327,80.24892,-7.11101866,-0.140192881,-5.007882,0,2.18231964,-1.32284355,-0.9769888
3.35000014,0.341791868,0.2639516,249.214386,-4.6704154,80.24726,-7.19707441,-0.0901177153,-5.09203053,0,2.218894,-1.29218483,-1.10450256
3.36666679,0.2639516,0.18564412,250.551819,-4.698449,80.24559,-7.23535252,-0.04008428,-5.17746544,0,2.25602221,-1.311244,-1.23369229
3.38333344,0.18564412,0.106867187,251.889221,-4.726616,80.24393,-7.23535252,0,-5.263788,0,2.29353142,-1.37931728,-1.363974
3.4,0.106867187,0.0276232213,253.2266,-4.75463772,80.24228,-7.23535252,0,-5.3506,0,2.33124781,-1.48623943,-1.48623943
3.41666675,0.0276232213,-0.0520853475,254.563934,-4.782514,80.24064,-7.31196,-0.08022302,-5.43757963,1,2.369032,-1.59323978,-1.59323978
3.4333334,-0.0520853475,-0.132265329,255.901245,-4.810798,80.23892,-7.465111,-0.160379186,-5.52472639,1,2.40688276,-1.62368488,-1.56222808
3.45000029,-0.132265329,-0.212932676,257.238525,-4.840041,80.23709,-7.69474173,-0.240468562,-5.61268,1,2.44507861,-1.57870388,-1.33308184
3.466667,-0.212932676,-0.294112533,258.575775,-4.87079144,80.23512,-7.87647438,-0.190309823,-5.702088,0,2.48390031,-1.4593401,-0.907150745
3.48333359,-0.294112533,-0.375824153,259.913,-4.902698,80.23309,-8.010348,-0.140192881,-5.79360056,0,2.52362943,-1.39109325,-1.04523849
3.50000024,-0.375824153,-0.458080977,261.250183,-4.935409,80.23102,-8.096405,-0.0901177153,-5.886828,0,2.56409621,-1.37323666,-1.18555439
3.516667,-0.458080977,-0.5408906,262.587341,-4.968575,80.22894,-8.134683,-0.04008428,-5.981374,0,2.60512877,-1.40506935,-1.32751763
3.53333354,-0.5408906,-0.6242547,263.924469,-5.00184727,80.22687,-8.134683,0,-6.07684326,0,2.64655471,-1.48595142,-1.470608
3.55000019,-0.6242547,-0.708170533,265.261536,-5.034948,80.22481,-8.21129,-0.08022302,-6.17283535,1,2.6882,-1.60571671,-1.60571671
3.56666684,-0.708170533,-0.7926443,266.598572,-5.06842756,80.22266,-8.364441,-0.160379186,-6.26902866,1,2.72992516,-1.6489315,-1.5874747
3.58333349,-0.7926443,-0.8776916,267.935577,-5.10283947,80.22041,-8.594072,-0.240468562,-6.366062,1,2.772007,-1.61675358,-1.37113154
3.60000014,-0.8776916,-0.9633371,269.272552,-5.138728,80.2179947,-8.77580452,-0.190309823,-6.464587,0,2.81472731,-1.510231,-0.9580417
3.61666679,-0.9633371,-1.04959953,270.609467,-5.175745,80.2155151,-8.909678,-0.140192881,-6.565248,0,2.8583653,-1.45479488,-1.10894012
3.63333344,-1.04959953,-1.13649189,271.94635,-5.2135396,80.213,-8.995735,-0.0901177153,-6.667658,0,2.9027524,-1.44975185,-1.26206958
3.65,-1.13649189,-1.2240212,273.2832,-5.251761,80.2104645,-9.034013,-0.04008428,-6.771423,0,2.94771743,-1.49446583,-1.416914
3.66666675,-1.2240212,-1.31218886,274.62,-5.29006243,80.20794,-9.148866,-0.120273896,-6.87614346,1,2.99308681,-1.58823013,-1.57288671
3.68333364,-1.31218886,-1.40100539,275.956757,-5.32899141,80.20531,-9.18701649,-0.03995065,6.981423,-1,3.038688,12.3568611,12.4949989
3.70000029,-1.40100539,-1.490472,277.293457,-5.36799669,80.2027,-9.148527,0.04030566,7.08789968,-1,3.08479738,12.4736824,12.488924
3.716667,-1.490472,-1.58058071,278.630127,-5.406525,80.20016,-9.03346348,0.120495088,7.194939,-1,3.13114,12.51434,12.498827
3.73333359,-1.58058071,-1.67131448,279.966766,-5.44402647,80.19771,-8.841887,0.2006177,7.30189848,-1,3.17743683,12.47874,12.3400927
3.75000024,-1.67131448,-1.762647,281.303345,-5.47995234,80.1954041,-8.573864,0.280673534,7.40813,-1,3.22340751,12.366601,11.9822655
3.766667,-1.762647,-1.854543,282.6399,-5.513757,80.19326,-8.229457,0.360662669,7.512981,-1,3.26877022,12.177763,11.4254923
3.78333354,-1.854543,-1.946958,283.9764,-5.544899,80.19133,-7.808729,0.440585136,7.61579657,-1,3.31324148,11.9120321,10.6698828
3.80000019,-1.946958,-2.03983855,285.3129,-5.572837,80.18961,-7.31174469,0.520441,7.715917,-1,3.35653687,11.5691767,9.715513
3.81666684,-2.03983855,-2.13312244,286.649353,-5.597034,80.18816,-6.738567,0.600230336,7.812679,-1,3.39837,11.1489954,8.562484
3.83333349,-2.13312244,-2.22673845,287.9858,-5.61695433,80.1870041,-6.089259,0.679953158,7.90541458,-1,3.43845367,10.65128,7.21089363
3.85000014,-2.22673845,-2.32060623,289.322235,-5.632065,80.18614,-5.3638854,0.7596095,7.993454,-1,3.47649884,10.0757914,5.66080427
3.86666679,-2.32060623,-2.41463685,290.658661,-5.641837,80.18562,-4.56250858,0.839199543,8.076119,-1,3.51221442,9.42231,3.91230249
3.88333344,-2.41463685,-2.50873256,291.9951,-5.645744,80.18544,-3.68519282,0.9187232,8.152735,-1,3.54530954,8.69056,1.96541214
3.9,-2.50873256,-2.602787,293.3315,-5.643263,80.18562,-2.85631442,0.867999256,8.222619,0,3.57549167,7.880352,-0.179754272
3.916667,-2.602787,-2.6967,294.667938,-5.6347785,80.1861343,-2.07583356,0.8173176,8.28509,0,3.60246754,7.11571455,-0.0789423361
3.93333364,-2.6967,-2.790378,296.0044,-5.62067556,80.18697,-1.34371,0.766678154,8.34052,0,3.62639928,6.39673662,0.0177292433
3.95000029,-2.790378,-2.88373375,297.340851,-5.60133648,80.18812,-0.659903,0.7160809,8.389287,0,3.64745116,5.72342,0.110387661
3.966667,-2.88373375,-2.97668624,298.677338,-5.57714224,80.18955,-0.024372587,0.665525854,8.431769,0,3.66578841,5.09592,0.199309453
3.98333359,-2.97668624,-3.0691607,300.013855,-5.548471,80.19125,0.5629215,0.6150129,8.468351,0,3.681577,4.51424456,0.28462553
4,-3.0691607,-3.161089,301.3504,-5.51569843,80.19322,1.10201955,0.564542055,8.499416,0,3.69498372,3.9784925,0.366558522
