plan_time,end_time,x,z,vx,vz,yaw,omega,e_post,relative_yaw,progress,advance,planner_segment,independent_segment,velocity_yaw,e,edot,e_pred,T,curvature,position_correction,velocity_correction,acceleration_correction,correction,raw_lateral,a_lat,a_lat_now,pace,mode,side,theta,target,car,coordinate_offset,phi,remaining,key,side_changed,mode_changed,recovery,recovery_changed,reanchored,provisional_target,invariant
0,0.0166666675,10,0.8397328,0,50.38397,-0.00133705034,-0.08022302,10,-0.07660734,0.8397328,0,0,0,0,10,0,10,0.3,0,-1.5,0,0,-1.5,-1.5,-1.5,0,80,0,-1,-3.43981266,-3.43981266,0,0,-3.43981266,-3.43981266,1,False,False,False,False,False,-3.43981266,
0.0166666675,0.0333333351,9.99999,1.68586516,-0.0005567456,50.7679367,-0.004010037,-0.160379186,9.99999,-0.2297582,1.68586516,0,0,0,0,10,0,9.998496,0.3,0,-1.5,0,0.000225602984,-1.49977446,-1.49977446,-1.49977446,-0.03342266,80,0,-1,-3.439295,-3.439295,-0.07659912,0,-3.362696,-3.30123925,1,False,False,False,False,False,-3.43981266,
0.0333333351,0.0500000045,9.999953,2.53839684,-0.002226167,51.1519,-0.008017846,-0.240468562,9.999953,-0.459388763,2.53839684,0,0,0,-1.09664816E-05,9.99999,-0.0005567456,9.995324,0.3,0,-1.49999857,2.50535559E-05,0.00067483,-1.49929869,-1.49929869,-1.49929869,-0.0999748,80,0,-1,-3.43820262,-3.43884349,-0.229736328,0,-3.20910716,-2.963485,1,False,False,False,False,False,-3.44045043,
0.0500000045,0.06666667,9.999861,3.397328,-0.00556337042,51.5358543,-0.0133593669,-0.3204912,9.999861,-0.765435338,3.397328,0,0,0,-4.35207075E-05,9.999953,-0.002226167,9.99031448,0.3,0,-1.49999309,0.000100177516,0.00134569453,-1.4985472,-1.4985472,-1.4985472,-0.199362129,80,0,-1,-3.43647718,-3.43897963,-0.4593811,0,-2.97959852,-2.42740941,1,False,False,False,False,False,-3.44229937,
0.06666667,0.0833333358,9.999676,4.26265764,-0.011122603,51.9197845,-0.0200334862,-0.40044713,9.999676,-1.14783418,4.26265764,0,0,0,-0.000107951455,9.999861,-0.00556337042,9.983284,0.3,0,-1.49997914,0.0002503517,0.00223610131,-1.49749267,-1.49749267,-1.49749267,-0.331274241,80,0,-1,-3.434056,-3.440251,-0.7654419,0,-2.67480922,-1.69395709,1,False,False,False,False,False,-3.44595981,
0.0833333358,0.100000009,9.9993515,5.13438559,-0.019457167,52.30367,-0.0258694049,-0.3501551,9.9993515,-1.48220778,5.13438559,0,0,0,-0.000214226689,9.999676,-0.011122603,9.974044,0.3,0,-1.49995136,0.0005005172,0.00334427878,-1.49610662,-1.49610662,-1.49610662,-0.495448649,80,0,-1,-3.43087387,-3.443142,-1.14782715,0,-2.29531479,-0.764009535,0,False,False,False,False,False,-3.45196915,
0.100000009,0.116666675,9.998848,6.012511,-0.0302161314,52.6874962,-0.03086782,-0.299904943,9.998848,-1.76859581,6.012511,0,0,0,-0.000372003851,9.9993515,-0.019457167,9.964832,0.3,0,-1.49990273,0.000875572558,0.00430226047,-1.49472487,-1.49472487,-1.49472487,-0.637371838,80,0,-1,-3.42770123,-3.4490025,-1.48220825,0,-1.96679413,-0.7959684,0,False,False,False,False,False,-3.46089077,
0.116666675,0.13333334,9.998131,6.897032,-0.0430491567,53.0712662,-0.0350294337,-0.249696672,9.998131,-2.00703883,6.897032,0,0,0,-0.000573497149,9.998848,-0.0302161314,9.955707,0.3,0,-1.49982727,0.00135972607,0.005111419,-1.493356,-1.493356,-1.493356,-0.7572472,80,0,-1,-3.4245584,-3.45742583,-1.76858521,0,-1.68884063,-0.8299485,0,False,False,False,False,False,-3.4722836,
0.13333334,0.15,9.99717,7.787948,-0.05760653,53.45498,-0.038354937,-0.199530244,9.99717,-2.197576,7.787948,0,0,0,-0.000811157341,9.998131,-0.0430491567,9.946728,0.3,0,-1.49971962,0.00193721219,0.00577323325,-1.49200916,-1.49200916,-1.49200916,-0.8552937,80,0,-1,-3.421466,-3.46794438,-2.007019,0,-1.46092534,-0.865541637,0,False,False,False,False,False,-3.48564744,
0.15,0.166666672,9.995945,8.685259,-0.07353917,53.83864,-0.0408450328,-0.149405628,9.995945,-2.340248,8.685259,0,0,0,-0.001077664,9.99717,-0.05760653,9.937962,0.3,0,-1.49957561,0.002592294,0.00628909376,-1.49069428,-1.49069428,-1.49069428,-0.931717455,80,0,-1,-3.41844749,-3.48018456,-2.1975708,0,-1.28261375,-0.9024342,0,False,False,False,False,False,-3.50057554,
0.166666672,0.183333337,9.994436,9.58896351,-0.0904986262,54.22226,-0.042500414,-0.09932279,9.994436,-2.43509436,9.58896351,0,0,0,-0.00136591715,9.995945,-0.07353917,9.929481,0.3,0,-1.49939179,0.003309263,0.00666039065,-1.48942208,-1.48942208,-1.48942208,-0.986724436,80,0,-1,-3.41552663,-3.4937737,-2.34024048,0,-1.15353322,-0.94037354,0,False,False,False,False,False,-3.51666355,
0.183333337,0.200000018,9.992634,10.4990606,-0.108137049,54.60585,-0.0433217771,-0.0492816828,9.992634,-2.482155,10.4990606,0,0,0,-0.00166902936,9.994436,-0.0904986262,9.921364,0.3,0,-1.49916553,0.00407243846,0.0068884166,-1.4882046,-1.4882046,-1.4882046,-1.020506,80,0,-1,-3.41273141,-3.5083735,-2.435089,0,-1.07328439,-0.979080439,0,False,False,False,False,False,-3.53353882,
0.200000018,0.216666684,9.990532,11.4155512,-0.126107141,54.9894257,-0.0433217771,0,9.990532,-2.482155,11.4155512,0,0,0,-0.00198031729,9.992634,-0.108137049,9.913697,0.3,0,-1.49889517,0.00486616744,0.006974361,-1.48705459,-1.48705459,-1.48705459,-1.03323853,80,0,-1,-3.41009116,-3.52355552,-2.48214722,0,-1.0414083,-1.01821613,0,False,False,False,False,False,-3.55074048,
0.216666684,0.233333349,9.988131,12.3384342,-0.144067168,55.373,-0.0433217771,0,9.988131,-2.482155,12.3384342,0,0,0,-0.002293294,9.990532,-0.126107141,9.906555,0.3,0,-1.49857986,0.005674822,0.00692164525,-1.48598337,-1.48598337,-1.48598337,-1.02542877,80,0,-1,-3.40763164,-3.53904033,-2.48214722,0,-1.05689311,-1.05689311,0,False,False,False,False,False,-3.567961,
0.233333349,0.25,9.985431,13.2677107,-0.162017241,55.7565765,-0.0433217771,0,9.985431,-2.482155,13.2677107,0,0,0,-0.00260175252,9.988131,-0.144067168,9.899113,0.3,0,-1.49821961,0.006483023,0.00686964625,-1.484867,-1.484867,-1.484867,-1.01772523,80,0,-1,-3.40506864,-3.554147,-2.48214722,0,-1.07199979,-1.07199979,0,False,False,False,False,False,-3.58480358,
0.25,0.266666681,9.982431,14.20338,-0.179957524,56.140152,-0.0433217771,0,9.982431,-2.482155,14.20338,0,0,0,-0.002905788,9.985431,-0.162017241,9.89137,0.3,0,-1.49781466,0.00729077635,0.0068183667,-1.48370552,-1.48370552,-1.48370552,-1.01012826,80,0,-1,-3.402402,-3.56890583,-2.48214722,0,-1.08675861,-1.08675861,0,False,False,False,False,False,-3.601299,
0.266666681,0.283333361,9.979134,15.145442,-0.197888136,56.5237274,-0.0433217771,0,9.979134,-2.482155,15.145442,0,0,0,-0.00320549379,9.982431,-0.179957524,9.883326,0.3,0,-1.49736476,0.008098089,0.00676780473,-1.48249888,-1.48249888,-1.48249888,-1.00263762,80,0,-1,-3.39963174,-3.58328652,-2.48214722,0,-1.10113931,-1.10113931,0,False,False,False,False,False,-3.617417,
0.283333361,0.3,9.975536,16.0938969,-0.215809226,56.9073029,-0.0433217771,0,9.975536,-2.482155,16.0938969,0,0,0,-0.0035009603,9.979134,-0.197888136,9.874981,0.3,0,-1.49687,0.00890496653,0.00671795942,-1.48124719,-1.48124719,-1.48124719,-0.995253146,80,0,-1,-3.39675784,-3.59735,-2.48214722,0,-1.11520267,-1.11520267,0,False,False,False,False,False,-3.63321877,
0.3,0.3166667,9.971641,17.0487442,-0.233720928,57.29088,-0.0433217771,0,9.971641,-2.482155,17.0487442,0,0,0,-0.003792276,9.975536,-0.215809226,9.866335,0.3,0,-1.4963305,0.00971141551,0.006668833,-1.47995031,-1.47995031,-1.47995031,-0.9879752,80,0,-1,-3.39378047,-3.61106563,-2.48214722,0,-1.12891841,-1.12891841,0,False,False,False,False,False,-3.64867282,
0.3166667,0.333333343,9.967447,18.009985,-0.251623362,57.6744537,-0.0433217771,0,9.967447,-2.482155,18.009985,0,0,0,-0.00407952629,9.971641,-0.233720928,9.8573885,0.3,0,-1.49574614,0.0105174426,0.006620425,-1.47860837,-1.47860837,-1.47860837,-0.980803549,80,0,-1,-3.39069963,-3.62443376,-2.48214722,0,-1.14228654,-1.14228654,0,False,False,False,False,False,-3.66378021,
0.333333343,0.350000024,9.962955,18.97762,-0.269516647,58.05803,-0.0433217771,0,9.962955,-2.482155,18.97762,0,0,0,-0.004362794,9.967447,-0.251623362,9.848143,0.3,0,-1.49511719,0.0113230525,0.006572644,-1.47722149,-1.47722149,-1.47722149,-0.973724961,80,0,-1,-3.38751554,-3.637485,-2.48214722,0,-1.15533781,-1.15533781,0,False,False,False,False,False,-3.6785717,
0.350000024,0.366666675,9.958165,19.9516468,-0.287400931,58.4416046,-0.0433217771,0,9.958165,-2.482155,19.9516468,0,0,0,-0.004642161,9.962955,-0.269516647,9.838596,0.3,0,-1.49444342,0.01212825,0.0065255817,-1.47578955,-1.47578955,-1.47578955,-0.9667527,80,0,-1,-3.38422823,-3.65021944,-2.48214722,0,-1.16807222,-1.16807222,0,False,False,False,False,False,-3.69304633,
0.366666675,0.383333355,9.953077,20.932066,-0.305276334,58.82518,-0.0433217771,0,9.953077,-2.482155,20.932066,0,0,0,-0.004917706,9.958165,-0.287400931,9.828752,0.3,0,-1.49372482,0.0129330428,0.00647905655,-1.47431278,-1.47431278,-1.47431278,-0.959860146,80,0,-1,-3.38083768,-3.66260648,-2.48214722,0,-1.18045926,-1.18045926,0,False,False,False,False,False,-3.707174,
0.383333355,0.400000036,9.947692,21.9188786,-0.323142976,59.2087555,-0.0433217771,0,9.947692,-2.482155,21.9188786,0,0,0,-0.00518950541,9.953077,-0.305276334,9.818606,0.3,0,-1.49296165,0.0137374364,0.00643325131,-1.472791,-1.472791,-1.472791,-0.953074157,80,0,-1,-3.37734365,-3.67467642,-2.48214722,0,-1.1925292,-1.1925292,0,False,False,False,False,False,-3.72098613,
0.400000036,0.4166667,9.942009,22.9120846,-0.341000974,59.59233,-0.0433217771,0,9.942009,-2.482155,22.9120846,0,0,0,-0.005457635,9.947692,-0.323142976,9.808162,0.3,0,-1.49215388,0.0145414351,0.006388073,-1.47122431,-1.47122431,-1.47122431,-0.946381032,80,0,-1,-3.373747,-3.68646073,-2.48214722,0,-1.20431352,-1.20431352,0,False,False,False,False,False,-3.734512,
0.4166667,0.433333367,9.93602848,23.9116821,-0.35885042,59.9759064,-0.0433217771,0,9.93602848,-2.482155,23.9116821,0,0,0,-0.0057221665,9.942009,-0.341000974,9.79742,0.3,0,-1.49130142,0.0153450454,0.006343434,-1.469613,-1.469613,-1.469613,-0.9397679,80,0,-1,-3.37004757,-3.697898,-2.48214722,0,-1.21575069,-1.21575069,0,False,False,False,False,False,-3.74769163,
0.433333367,0.450000018,9.92975,24.9176731,-0.376691461,60.35948,-0.0433217771,0,9.92975,-2.482155,24.9176731,0,0,0,-0.00598317152,9.93602848,-0.35885042,9.786377,0.3,0,-1.49040437,0.016148271,0.00629942259,-1.46795654,-1.46795654,-1.46795654,-0.9332477,80,0,-1,-3.36624479,-3.70904875,-2.48214722,0,-1.22690153,-1.22690153,0,False,False,False,False,False,-3.76058578,
0.450000018,0.4666667,9.923175,25.9300575,-0.3945242,60.7430573,-0.0433217771,0,9.923175,-2.482155,25.9300575,0,0,0,-0.006240719,9.92975,-0.376691461,9.775036,0.3,0,-1.48946261,0.0169511177,0.00625604,-1.46625543,-1.46625543,-1.46625543,-0.926820636,80,0,-1,-3.3623395,-3.719914,-2.48214722,0,-1.23776674,-1.23776674,0,False,False,False,False,False,-3.773194,
0.4666667,0.483333349,9.916303,26.9488354,-0.4123487,61.1266327,-0.0433217771,0,9.916303,-2.482155,26.9488354,0,0,0,-0.00649487646,9.923175,-0.3945242,9.763397,0.3,0,-1.48847628,0.01775359,0.00621310575,-1.46450961,-1.46450961,-1.46450961,-0.92046,80,0,-1,-3.35833144,-3.73046279,-2.48214722,0,-1.24831557,-1.24831557,0,False,False,False,False,False,-3.78548646,
0.483333349,0.5,9.909133,27.9740047,-0.4301651,61.51021,-0.0433217771,0,9.909133,-2.482155,27.9740047,0,0,0,-0.00674570864,9.916303,-0.4123487,9.751459,0.3,0,-1.48744547,0.0185556933,0.0061708,-1.462719,-1.462719,-1.462719,-0.9141925,80,0,-1,-3.35422063,-3.74072576,-2.48214722,0,-1.25857854,-1.25857854,0,False,False,False,False,False,-3.79749346,
0.5,0.5166667,9.901667,29.0055676,-0.447973549,61.8937836,-0.0433217771,0,9.901667,-2.482155,29.0055676,0,0,0,-0.00699328,9.909133,-0.4301651,9.739223,0.3,0,-1.48637,0.0193574317,0.006129123,-1.46088338,-1.46088338,-1.46088338,-0.9080181,80,0,-1,-3.35000658,-3.75070238,-2.48214722,0,-1.26855516,-1.26855516,0,False,False,False,False,False,-3.809215,
0.5166667,0.533333361,9.893904,30.0435238,-0.4657741,62.27736,-0.0433217771,0,9.893904,-2.482155,30.0435238,0,0,0,-0.007237653,9.901667,-0.447973549,9.726688,0.3,0,-1.48525,0.02015881,0.006087894,-1.45900333,-1.45900333,-1.45900333,-0.9019101,80,0,-1,-3.34569025,-3.760363,-2.48214722,0,-1.27821589,-1.27821589,0,False,False,False,False,False,-3.82062054,
0.533333361,0.55,9.885844,31.0878735,-0.48356685,62.6609344,-0.0433217771,0,9.885844,-2.482155,31.0878735,0,0,0,-0.007478888,9.893904,-0.4657741,9.713857,0.3,0,-1.48408556,0.0209598355,0.00604720367,-1.45707858,-1.45707858,-1.45707858,-0.895881951,80,0,-1,-3.34127164,-3.769769,-2.48214722,0,-1.28762174,-1.28762174,0,False,False,False,False,False,-3.83177161,
0.55,0.5666667,9.877488,32.1386147,-0.5013519,63.04451,-0.0433217771,0,9.877488,-2.482155,32.1386147,0,0,0,-0.007717045,9.885844,-0.48356685,9.700727,0.3,0,-1.48287666,0.02176051,0.00600705249,-1.45510912,-1.45510912,-1.45510912,-0.8899336,80,0,-1,-3.33675027,-3.77891946,-2.48214722,0,-1.29677224,-1.29677224,0,False,False,False,False,False,-3.842668,
0.5666667,0.5833334,9.868836,33.19575,-0.519129336,63.4280853,-0.0433217771,0,9.868836,-2.482155,33.19575,0,0,0,-0.007952181,9.877488,-0.5013519,9.687301,0.3,0,-1.48162329,0.0225608367,0.00596734975,-1.4530952,-1.4530952,-1.4530952,-0.88405174,80,0,-1,-3.332127,-3.78775454,-2.48214722,0,-1.30560732,-1.30560732,0,False,False,False,False,False,-3.85324883,
0.5833334,0.6,9.859888,34.2592773,-0.536899269,63.81166,-0.0433217771,0,9.859888,-2.482155,34.2592773,0,0,0,-0.008184351,9.868836,-0.519129336,9.673576,0.3,0,-1.48032546,0.0233608223,0.0059281853,-1.45103645,-1.45103645,-1.45103645,-0.8782496,80,0,-1,-3.32740045,-3.79633355,-2.48214722,0,-1.31418633,-1.31418633,0,False,False,False,False,False,-3.863575,
0.6,0.6166667,9.850644,35.3291969,-0.5546618,64.19524,-0.0433217771,0,9.850644,-2.482155,35.3291969,0,0,0,-0.008413613,9.859888,-0.536899269,9.65955448,0.3,0,-1.47898328,0.024160469,0.00588956056,-1.44893324,-1.44893324,-1.44893324,-0.872527361,80,0,-1,-3.32257223,-3.804628,-2.48214722,0,-1.32248068,-1.32248068,0,False,False,False,False,False,-3.873616,
0.6166667,0.6333334,9.841104,36.40551,-0.572417,64.57881,-0.0433217771,0,9.841104,-2.482155,36.40551,0,0,0,-0.008640018,9.850644,-0.5546618,9.645236,0.3,0,-1.47759664,0.024959784,0.005851384,-1.44678545,-1.44678545,-1.44678545,-0.8668716,80,0,-1,-3.3176415,-3.81266713,-2.48214722,0,-1.33051991,-1.33051991,0,False,False,False,False,False,-3.88340259,
0.6333334,0.650000036,9.831267,37.4882164,-0.590165,64.96239,-0.0433217771,0,9.831267,-2.482155,37.4882164,0,0,0,-0.00886362,9.841104,-0.572417,9.630621,0.3,0,-1.47616553,0.0257587675,0.00581365637,-1.44459319,-1.44459319,-1.44459319,-0.8612823,80,0,-1,-3.312609,-3.820452,-2.48214722,0,-1.33830476,-1.33830476,0,False,False,False,False,False,-3.89293432,
0.650000036,0.6666667,9.82113552,38.5773163,-0.6079059,65.34596,-0.0433217771,0,9.82113552,-2.482155,38.5773163,0,0,0,-0.009084469,9.831267,-0.590165,9.615708,0.3,0,-1.4746902,0.0265574288,0.005776377,-1.44235635,-1.44235635,-1.44235635,-0.855759442,80,0,-1,-3.307474,-3.82798171,-2.48214722,0,-1.34583449,-1.34583449,0,False,False,False,False,False,-3.90221167,
0.6666667,0.6833334,9.810708,39.67281,-0.625639737,65.72954,-0.0433217771,0,9.810708,-2.482155,39.67281,0,0,0,-0.009302616,9.82113552,-0.6079059,9.600499,0.3,0,-1.4731704,0.02735577,0.005739637,-1.44007492,-1.44007492,-1.44007492,-0.8503165,80,0,-1,-3.30223656,-3.835226,-2.48214722,0,-1.35307884,-1.35307884,0,False,False,False,False,False,-3.91120458,
0.6833334,0.700000048,9.799985,40.7746964,-0.643366635,66.11311,-0.0433217771,0,9.799985,-2.482155,40.7746964,0,0,0,-0.009518108,9.810708,-0.625639737,9.584994,0.3,0,-1.47160625,0.02815379,0.00570325553,-1.43774915,-1.43774915,-1.43774915,-0.844926655,80,0,-1,-3.29689741,-3.84224653,-2.48214722,0,-1.36009932,-1.36009932,0,False,False,False,False,False,-3.919973,
0.700000048,0.7166667,9.788967,41.8829727,-0.6610866,66.49669,-0.0433217771,0,9.788967,-2.482155,41.8829727,0,0,0,-0.009730995,9.799985,-0.643366635,9.569192,0.3,0,-1.46999776,0.0289515015,0.005667413,-1.43537879,-1.43537879,-1.43537879,-0.839616656,80,0,-1,-3.29145575,-3.849012,-2.48214722,0,-1.36686468,-1.36686468,0,False,False,False,False,False,-3.9284873,
0.7166667,0.733333349,9.777654,42.9976425,-0.6787998,66.8802643,-0.0433217771,0,9.777654,-2.482155,42.9976425,0,0,0,-0.00994132,9.788967,-0.6610866,9.553095,0.3,0,-1.46834517,0.0297489,0.00563192973,-1.43296432,-1.43296432,-1.43296432,-0.8343599,80,0,-1,-3.28591323,-3.85552382,-2.48214722,0,-1.37337661,-1.37337661,0,False,False,False,False,False,-3.93674779,
0.733333349,0.75000006,9.766046,44.1187057,-0.696506262,67.26384,-0.0433217771,0,9.766046,-2.482155,44.1187057,0,0,0,-0.01014913,9.777654,-0.6787998,9.536701,0.3,0,-1.4666481,0.0305459946,0.0055968957,-1.43050528,-1.43050528,-1.43050528,-0.829169631,80,0,-1,-3.28026819,-3.86178064,-2.48214722,0,-1.37963343,-1.37963343,0,False,False,False,False,False,-3.94475341,
0.75000006,0.7666667,9.754142,45.2461624,-0.7142061,67.6474152,-0.0433217771,0,9.754142,-2.482155,45.2461624,0,0,0,-0.0103544695,9.766046,-0.696506262,9.520012,0.3,0,-1.46490693,0.0313427858,0.00556222,-1.42800188,-1.42800188,-1.42800188,-0.8240324,80,0,-1,-3.27452135,-3.867783,-2.48214722,0,-1.38563585,-1.38563585,0,False,False,False,False,False,-3.95250535,
0.7666667,0.783333361,9.741943,46.3800125,-0.7318994,68.03099,-0.0433217771,0,9.741943,-2.482155,46.3800125,0,0,0,-0.0105573814,9.754142,-0.7142061,9.503027,0.3,0,-1.46312129,0.0321392752,0.005527993,-1.42545414,-1.42545414,-1.42545414,-0.818961859,80,0,-1,-3.268673,-3.87356186,-2.48214722,0,-1.39141464,-1.39141464,0,False,False,False,False,False,-3.960033,
0.783333361,0.8000001,9.72945,47.520256,-0.749586165,68.414566,-0.0433217771,0,9.72945,-2.482155,47.520256,0,0,0,-0.0107579082,9.741943,-0.7318994,9.485745,0.3,0,-1.46129155,0.0329354741,0.00549421646,-1.42286181,-1.42286181,-1.42286181,-0.81395787,80,0,-1,-3.262722,-3.879116,-2.48214722,0,-1.39696884,-1.39696884,0,False,False,False,False,False,-3.96733761,
0.8000001,0.8166667,9.716662,48.666893,-0.7672666,68.79814,-0.0433217771,0,9.716662,-2.482155,48.666893,0,0,0,-0.0109560909,9.72945,-0.749586165,9.468169,0.3,0,-1.45941758,0.03373138,0.00546079734,-1.42022538,-1.42022538,-1.42022538,-0.8090069,80,0,-1,-3.25667,-3.88441658,-2.48214722,0,-1.40226936,-1.40226936,0,False,False,False,False,False,-3.974388,
0.8166667,0.8333334,9.70358,49.8199234,-0.78494066,69.18172,-0.0433217771,0,9.70358,-2.482155,49.8199234,0,0,0,-0.0111519694,9.716662,-0.7672666,9.450297,0.3,0,-1.45749938,0.034527,0.00542773865,-1.4175446,-1.4175446,-1.4175446,-0.804109335,80,0,-1,-3.25051641,-3.889463,-2.48214722,0,-1.40731573,-1.40731573,0,False,False,False,False,False,-3.98118424,
0.8333334,0.85,9.690203,50.9793434,-0.8026085,69.56529,-0.0433217771,0,9.690203,-2.482155,50.9793434,0,0,0,-0.0113455839,9.70358,-0.78494066,9.432131,0.3,0,-1.45553708,0.03532233,0.00539503852,-1.41481972,-1.41481972,-1.41481972,-0.799264848,80,0,-1,-3.24426126,-3.8943162,-2.48214722,0,-1.412169,-1.412169,0,False,False,False,False,False,-3.98778772,
0.85,0.866666734,9.676532,52.1451569,-0.8202701,69.94887,-0.0433217771,0,9.676532,-2.482155,52.1451569,0,0,0,-0.0115369726,9.690203,-0.8026085,9.413669,0.3,0,-1.45353043,0.0361173861,0.00536278728,-1.41205037,-1.41205037,-1.41205037,-0.7944869,80,0,-1,-3.237904,-3.89891481,-2.48214722,0,-1.4167676,-1.4167676,0,False,False,False,False,False,-3.99413681,
0.866666734,0.8833334,9.662566,53.3173637,-0.8379256,70.33244,-0.0433217771,0,9.662566,-2.482155,53.3173637,0,0,0,-0.0117261726,9.676532,-0.8202701,9.394912,0.3,0,-1.45147979,0.0369121581,0.00533089554,-1.40923679,-1.40923679,-1.40923679,-0.7897622,80,0,-1,-3.23144579,-3.90332079,-2.48214722,0,-1.42117357,-1.42117357,0,False,False,False,False,False,-4.00029325,
0.8833334,0.900000036,9.648307,54.4959641,-0.8555751,70.71602,-0.0433217771,0,9.648307,-2.482155,54.4959641,0,0,0,-0.0119132213,9.662566,-0.8379256,9.375859,0.3,0,-1.44938493,0.0377066545,0.005299363,-1.406379,-1.406379,-1.406379,-0.7850907,80,0,-1,-3.2248857,-3.90747237,-2.48214722,0,-1.42532516,-1.42532516,0,False,False,False,False,False,-4.006196,
0.900000036,0.9166667,9.633753,55.6809578,-0.8732186,71.0995941,-0.0433217771,0,9.633753,-2.482155,55.6809578,0,0,0,-0.012098155,9.648307,-0.8555751,9.356514,0.3,0,-1.44724607,0.0385008827,0.005268099,-1.40347719,-1.40347719,-1.40347719,-0.780459,80,0,-1,-3.21822476,-3.911401,-2.48214722,0,-1.42925382,-1.42925382,0,False,False,False,False,False,-4.011875,
0.9166667,0.9333334,9.618905,56.872345,-0.890856147,71.48317,-0.0433217771,0,9.618905,-2.482155,56.872345,0,0,0,-0.0122810081,9.633753,-0.8732186,9.336872,0.3,0,-1.445063,0.03929484,0.005237284,-1.40053082,-1.40053082,-1.40053082,-0.775893867,80,0,-1,-3.21146154,-3.91510534,-2.48214722,0,-1.43295813,-1.43295813,0,False,False,False,False,False,-4.017331,
0.9333334,0.950000048,9.603764,58.0701256,-0.908487856,71.866745,-0.0433217771,0,9.603764,-2.482155,58.0701256,0,0,0,-0.012461815,9.618905,-0.890856147,9.31693649,0.3,0,-1.44283581,0.04008853,0.005206829,-1.39754057,-1.39754057,-1.39754057,-0.771382,80,0,-1,-3.20459771,-3.91861749,-2.48214722,0,-1.43647027,-1.43647027,0,False,False,False,False,False,-4.02259445,
0.950000048,0.9666667,9.588328,59.2742958,-0.9261138,72.25032,-0.0433217771,0,9.588328,-2.482155,59.2742958,0,0,0,-0.0126406094,9.603764,-0.908487856,9.296706,0.3,0,-1.44056463,0.0408819579,0.00517664338,-1.394506,-1.394506,-1.394506,-0.76691,80,0,-1,-3.197632,-3.92187524,-2.48214722,0,-1.439728,-1.439728,0,False,False,False,False,False,-4.027604,
0.9666667,0.9833334,9.572599,60.48486,-0.943734,72.6338959,-0.0433217771,0,9.572599,-2.482155,60.48486,0,0,0,-0.0128174247,9.588328,-0.9261138,9.276182,0.3,0,-1.43824935,0.0416751243,0.00514681637,-1.3914274,-1.3914274,-1.3914274,-0.7624912,80,0,-1,-3.19056535,-3.92494035,-2.48214722,0,-1.44279313,-1.44279313,0,False,False,False,False,False,-4.03242064,
0.9833334,1,9.556577,61.7018166,-0.9613486,73.01747,-0.0433217771,0,9.556577,-2.482155,61.7018166,0,0,0,-0.0129922936,9.572599,-0.943734,9.255363,0.3,0,-1.43589,0.0424680337,0.005117349,-1.38830459,-1.38830459,-1.38830459,-0.758125663,80,0,-1,-3.18339729,-3.92781258,-2.48214722,0,-1.44566536,-1.44566536,0,False,False,False,False,False,-4.03704453,
1,1.01666677,9.54026,62.9251671,-0.9789576,73.40105,-0.0433217771,0,9.54026,-2.482155,62.9251671,0,0,0,-0.0131652467,9.556577,-0.9613486,9.234251,0.3,0,-1.43348658,0.04326069,0.005088151,-1.38513768,-1.38513768,-1.38513768,-0.753800035,80,0,-1,-3.17612839,-3.93043137,-2.48214722,0,-1.44828415,-1.44828415,0,False,False,False,False,False,-4.041415,
1.01666677,1.03333342,9.523651,64.15491,-0.99656105,73.78462,-0.0433217771,0,9.523651,-2.482155,64.15491,0,0,0,-0.0133363158,9.54026,-0.9789576,9.212844,0.3,0,-1.43103909,0.0440530963,0.00505931163,-1.38192666,-1.38192666,-1.38192666,-0.7495276,80,0,-1,-3.16875768,-3.93288732,-2.48214722,0,-1.4507401,-1.4507401,0,False,False,False,False,False,-4.0456233,
1.03333342,1.05000007,9.506748,65.3910446,-1.01415908,74.1682,-0.0433217771,0,9.506748,-2.482155,65.3910446,0,0,0,-0.0135055305,9.523651,-0.99656105,9.191145,0.3,0,-1.42854774,0.04484525,0.00503074238,-1.37867177,-1.37867177,-1.37867177,-0.745295048,80,0,-1,-3.16128683,-3.93509054,-2.48214722,0,-1.45294333,-1.45294333,0,False,False,False,False,False,-4.04957867,
1.05000007,1.06666672,9.4895525,66.6335754,-1.03175163,74.55177,-0.0433217771,0,9.4895525,-2.482155,66.6335754,0,0,0,-0.0136729209,9.506748,-1.01415908,9.16915,0.3,0,-1.42601228,0.04563716,0.00500253169,-1.37537265,-1.37537265,-1.37537265,-0.741115749,80,0,-1,-3.15371418,-3.93710041,-2.48214722,0,-1.45495319,-1.45495319,0,False,False,False,False,False,-4.05334044,
1.06666672,1.08333337,9.472063,67.8825,-1.04933882,74.93535,-0.0433217771,0,9.472063,-2.482155,67.8825,0,0,0,-0.0138385138,9.4895525,-1.03175163,9.146863,0.3,0,-1.423433,0.0464288257,0.00497459061,-1.37202954,-1.37202954,-1.37202954,-0.7369763,80,0,-1,-3.14604068,-3.93891788,-2.48214722,0,-1.45677066,-1.45677066,0,False,False,False,False,False,-4.05691051,
1.08333337,1.1,9.454281,69.13782,-1.06692076,75.318924,-0.0433217771,0,9.454281,-2.482155,69.13782,0,0,0,-0.01400234,9.472063,-1.04933882,9.124282,0.3,0,-1.42080951,0.04722025,0.004946919,-1.36864233,-1.36864233,-1.36864233,-0.732876837,80,0,-1,-3.138266,-3.9405427,-2.48214722,0,-1.45839548,-1.45839548,0,False,False,False,False,False,-4.06028748,
1.1,1.11666667,9.436206,70.39953,-1.08449745,75.7025,-0.0433217771,0,9.436206,-2.482155,70.39953,0,0,0,-0.0141644282,9.454281,-1.06692076,9.101407,0.3,0,-1.4181422,0.0480114371,0.004919607,-1.36521113,-1.36521113,-1.36521113,-0.7288306,80,0,-1,-3.13039064,-3.9419446,-2.48214722,0,-1.45979738,-1.45979738,0,False,False,False,False,False,-4.063442,
1.11666667,1.13333344,9.417838,71.66763,-1.1020689,76.0860748,-0.0433217771,0,9.417838,-2.482155,71.66763,0,0,0,-0.014324801,9.436206,-1.08449745,9.078239,0.3,0,-1.4154309,0.04880239,0.00489256345,-1.36173594,-1.36173594,-1.36173594,-0.724824131,80,0,-1,-3.122414,-3.94315386,-2.48214722,0,-1.46100664,-1.46100664,0,False,False,False,False,False,-4.066404,
1.13333344,1.1500001,9.399178,72.94213,-1.11963522,76.46965,-0.0433217771,0,9.399178,-2.482155,72.94213,0,0,0,-0.0144834891,9.417838,-1.1020689,9.054779,0.3,0,-1.41267574,0.0495931059,0.00486579025,-1.35821688,-1.35821688,-1.35821688,-0.720857739,80,0,-1,-3.11433721,-3.94417119,-2.48214722,0,-1.462024,-1.462024,0,False,False,False,False,False,-4.069174,
1.1500001,1.16666675,9.380224,74.2230148,-1.13719654,76.8532257,-0.0433217771,0,9.380224,-2.482155,74.2230148,0,0,0,-0.0146405175,9.399178,-1.11963522,9.031025,0.3,0,-1.4098767,0.05038359,0.00483928574,-1.35465384,-1.35465384,-1.35465384,-0.716931164,80,0,-1,-3.10615921,-3.94499588,-2.48214722,0,-1.46284866,-1.46284866,0,False,False,False,False,False,-4.07175159,
1.16666675,1.1833334,9.360978,75.51029,-1.15475273,77.2368,-0.0433217771,0,9.360978,-2.482155,75.51029,0,0,0,-0.0147959115,9.380224,-1.13719654,9.006978,0.3,0,-1.40703368,0.0511738472,0.00481305132,-1.3510468,-1.3510468,-1.3510468,-0.7130445,80,0,-1,-3.0978806,-3.9456284,-2.48214722,0,-1.46348119,-1.46348119,0,False,False,False,False,False,-4.07413626,
1.1833334,1.2,9.34144,76.80396,-1.172304,77.62038,-0.0433217771,0,9.34144,-2.482155,76.80396,0,0,0,-0.0149496961,9.360978,-1.15475273,8.982637,0.3,0,-1.40414679,0.0519638769,0.00478717545,-1.34739566,-1.34739566,-1.34739566,-0.7092111,80,0,-1,-3.08950043,-3.94606781,-2.48214722,0,-1.46392059,-1.46392059,0,False,False,False,False,False,-4.076329,
1.2,1.2166667,9.3216095,78.10403,-1.18985033,78.00395,-0.0433217771,0,9.3216095,-2.482155,78.10403,0,0,0,-0.0151018966,9.34144,-1.172304,8.958006,0.3,0,-1.401216,0.0527536869,0.00476148,-1.34370089,-1.34370089,-1.34370089,-0.705404341,80,0,-1,-3.08102036,-3.94628525,-2.48214722,0,-1.464138,-1.464138,0,False,False,False,False,False,-4.07829952,
1.2166667,1.23333335,9.301486,79.4104843,-1.20739174,78.38753,-0.0433217771,0,9.301486,-2.482155,79.4104843,0,0,0,-0.0152525352,9.3216095,-1.18985033,8.933081,0.3,0,-1.39824152,0.05354327,0.00473605329,-1.33996212,-1.33996212,-1.33996212,-0.701637447,80,0,-1,-3.07243943,-3.9463408,-2.48214722,0,-1.46419358,-1.46419358,0,False,False,False,False,False,-4.08010769,
1.23333335,1.25000012,9.281071,80.7233353,-1.22492838,78.7711,-0.0433217771,0,9.281071,-2.482155,80.7233353,0,0,0,-0.0154016372,9.301486,-1.20739174,8.907863,0.3,0,-1.3952229,0.0543326326,0.004710897,-1.33617949,-1.33617949,-1.33617949,-0.697910547,80,0,-1,-3.06375766,-3.946204,-2.48214722,0,-1.46405673,-1.46405673,0,False,False,False,False,False,-4.081724,
1.25000012,1.26666677,9.260363,82.04258,-1.24246025,79.15468,-0.0433217771,0,9.260363,-2.482155,82.04258,0,0,0,-0.0155492257,9.281071,-1.22492838,8.882352,0.3,0,-1.39216065,0.0551217832,0.004686009,-1.33235288,-1.33235288,-1.33235288,-0.694223464,80,0,-1,-3.05497527,-3.945875,-2.48214722,0,-1.46372771,-1.46372771,0,False,False,False,False,False,-4.083148,
1.26666677,1.28333342,9.239363,83.36822,-1.25998735,79.53825,-0.0433217771,0,9.239363,-2.482155,83.36822,0,0,0,-0.0156953223,9.260363,-1.24246025,8.856548,0.3,0,-1.38905442,0.055910714,0.00466139056,-1.32848227,-1.32848227,-1.32848227,-0.6905763,80,0,-1,-3.046092,-3.94535351,-2.48214722,0,-1.46320629,-1.46320629,0,False,False,False,False,False,-4.08438,
1.28333342,1.30000007,9.218071,84.70025,-1.27750981,79.92183,-0.0433217771,0,9.218071,-2.482155,84.70025,0,0,0,-0.01583995,9.239363,-1.25998735,8.830454,0.3,0,-1.38590443,0.0566994362,0.004636952,-1.32456815,-1.32456815,-1.32456815,-0.6869558,80,0,-1,-3.03710866,-3.944671,-2.48214722,0,-1.4625237,-1.4625237,0,False,False,False,False,False,-4.08545065,
1.30000007,1.31666672,9.196487,86.03867,-1.29502761,80.30541,-0.0433217771,0,9.196487,-2.482155,86.03867,0,0,0,-0.01598313,9.218071,-1.27750981,8.804066,0.3,0,-1.3827107,0.057487946,0.00461278344,-1.32060993,-1.32060993,-1.32060993,-0.683375239,80,0,-1,-3.02802444,-3.943796,-2.48214722,0,-1.4616487,-1.4616487,0,False,False,False,False,False,-4.086329,
1.31666672,1.33333337,9.174697,87.37823,-1.307448,80.37319,-0.0433217771,0,9.174697,-2.482155,87.37823,0,0,0,-0.0161248837,9.196487,-1.29502761,8.777387,0.3,0,-1.37947321,0.0582762472,0.00458888337,-1.31660807,-1.31660807,-1.31660807,-0.6798345,80,0,-1,-3.01884,-3.94272923,-2.48214722,0,-1.460582,-1.460582,0,False,False,False,False,False,-4.08701563,
1.33333337,1.35,9.152719,88.71777,-1.31871367,80.37299,-0.0433217771,0,9.152719,-2.482155,88.71777,0,0,0,-0.0162657816,9.174697,-1.307448,8.752028,0.3,0,-1.37620461,0.0588351674,0.00456516352,-1.31280434,-1.31280434,-1.31280434,-0.676320434,80,0,-1,-3.01011038,-3.94205618,-2.48214722,0,-1.459909,-1.459909,0,False,False,False,False,False,-4.087569,
1.35,1.36666679,9.130553,90.05732,-1.32992113,80.37282,-0.0433217771,0,9.130553,-2.482155,90.05732,0,0,0,-0.0164059512,9.152719,-1.31871367,8.726828,0.3,0,-1.37290788,0.05934212,0.00454153353,-1.30902421,-1.30902421,-1.30902421,-0.6728197,80,0,-1,-3.001435,-3.94143748,-2.48214722,0,-1.45929027,-1.45929027,0,False,False,False,False,False,-4.08805943,
1.36666679,1.38333344,9.108202,91.3968658,-1.34107053,80.3726349,-0.0433217771,0,9.108202,-2.482155,91.3968658,0,0,0,-0.0165453926,9.130553,-1.32992113,8.701457,0.3,0,-1.369583,0.0598464571,0.00451799249,-1.30521858,-1.30521858,-1.30521858,-0.669332147,80,0,-1,-2.99270153,-3.940669,-2.48214722,0,-1.45852184,-1.45852184,0,False,False,False,False,False,-4.08839273,
1.38333344,1.4000001,9.085666,92.7364044,-1.35216212,80.3724442,-0.0433217771,0,9.085666,-2.482155,92.7364044,0,0,0,-0.0166841131,9.108202,-1.34107053,8.675918,0.3,0,-1.36623037,0.06034818,0.00449454226,-1.30138767,-1.30138767,-1.30138767,-0.66585803,80,0,-1,-2.98390961,-3.93984222,-2.48214722,0,-1.457695,-1.457695,0,False,False,False,False,False,-4.08866262,
1.4000001,1.41666675,9.062945,94.07594,-1.36319637,80.37226,-0.0433217771,0,9.062945,-2.482155,94.07594,0,0,0,-0.0168221164,9.085666,-1.35216212,8.650208,0.3,0,-1.36285,0.0608473,0.00447127037,-1.29753137,-1.29753137,-1.29753137,-0.6624104,80,0,-1,-2.97505975,-3.93889642,-2.48214722,0,-1.4567492,-1.4567492,0,False,False,False,False,False,-4.088808,
1.41666675,1.4333334,9.040043,95.41548,-1.37417352,80.37208,-0.0433217771,0,9.040043,-2.482155,95.41548,0,0,0,-0.0169594046,9.062945,-1.36319637,8.624331,0.3,0,-1.35944188,0.06134384,0.00444817962,-1.29364979,-1.29364979,-1.29364979,-0.6589895,80,0,-1,-2.96615171,-3.937862,-2.48214722,0,-1.4557147,-1.4557147,0,False,False,False,False,False,-4.088859,
1.4333334,1.45,9.016958,96.75501,-1.38509345,80.3718948,-0.0433217771,0,9.016958,-2.482155,96.75501,0,0,0,-0.017095983,9.040043,-1.37417352,8.59829,0.3,0,-1.3560065,0.0618378147,0.004425088,-1.28974366,-1.28974366,-1.28974366,-0.6555685,80,0,-1,-2.95718741,-3.93671012,-2.48214722,0,-1.4545629,-1.4545629,0,False,False,False,False,False,-4.0887866,
1.45,1.4666667,8.993692,98.09454,-1.39595687,80.37171,-0.0433217771,0,8.993692,-2.482155,98.09454,0,0,0,-0.0172318481,9.016958,-1.38509345,8.57208252,0.3,0,-1.35254383,0.06232921,0.004402176,-1.28581238,-1.28581238,-1.28581238,-0.6521741,80,0,-1,-2.94816566,-3.93547034,-2.48214722,0,-1.45332313,-1.45332313,0,False,False,False,False,False,-4.088621,
1.4666667,1.48333347,8.970246,99.43407,-1.40676391,80.37152,-0.0433217771,0,8.970246,-2.482155,99.43407,0,0,0,-0.0173670128,8.993692,-1.39595687,8.54571,0.3,0,-1.34905386,0.0628180653,0.00437935349,-1.28185654,-1.28185654,-1.28185654,-0.648793042,80,0,-1,-2.93908763,-3.93414378,-2.48214722,0,-1.45199656,-1.45199656,0,False,False,False,False,False,-4.088362,
1.48333347,1.50000012,8.946621,100.77359,-1.417515,80.37133,-0.0433217771,0,8.946621,-2.482155,100.77359,0,0,0,-0.0175014772,8.970246,-1.40676391,8.519173,0.3,0,-1.345537,0.06330438,0.00435671071,-1.2778759,-1.2778759,-1.2778759,-0.645438552,80,0,-1,-2.92995262,-3.9326992,-2.48214722,0,-1.450552,-1.450552,0,False,False,False,False,False,-4.08798075,
1.50000012,1.51666677,8.922817,102.113106,-1.42821062,80.37115,-0.0433217771,0,8.922817,-2.482155,102.113106,0,0,0,-0.0176352449,8.946621,-1.417515,8.492472,0.3,0,-1.34199321,0.06378818,0.00433415826,-1.27387083,-1.27387083,-1.27387083,-0.6420974,80,0,-1,-2.92076182,-3.93119884,-2.48214722,0,-1.44905162,-1.44905162,0,False,False,False,False,False,-4.087538,
1.51666677,1.53333342,8.898836,103.452621,-1.43885064,80.37096,-0.0433217771,0,8.898836,-2.482155,103.452621,0,0,0,-0.01776832,8.922817,-1.42821062,8.46561,0.3,0,-1.33842266,0.06426948,0.004311695,-1.26984143,-1.26984143,-1.26984143,-0.638769567,80,0,-1,-2.91151524,-3.92955112,-2.48214722,0,-1.44740391,-1.44740391,0,False,False,False,False,False,-4.08694172,
1.53333342,1.55000007,8.874679,104.792137,-1.44943559,80.3707657,-0.0433217771,0,8.874679,-2.482155,104.792137,0,0,0,-0.0179007072,8.898836,-1.43885064,8.438585,0.3,0,-1.33482552,0.06474829,0.004289322,-1.26578784,-1.26578784,-1.26578784,-0.635455,80,0,-1,-2.90221286,-3.92784762,-2.48214722,0,-1.44570041,-1.44570041,0,False,False,False,False,False,-4.086285,
1.55000007,1.56666672,8.850346,106.131645,-1.45996571,80.370575,-0.0433217771,0,8.850346,-2.482155,106.131645,0,0,0,-0.01803241,8.874679,-1.44943559,8.411401,0.3,0,-1.33120179,0.06522461,0.004267128,-1.26171017,-1.26171017,-1.26171017,-0.632167041,80,0,-1,-2.892856,-3.92602849,-2.48214722,0,-1.44388127,-1.44388127,0,False,False,False,False,False,-4.085506,
1.56666672,1.58333337,8.825838,107.471153,-1.47044122,80.3703842,-0.0433217771,0,8.825838,-2.482155,107.471153,0,0,0,-0.0181634277,8.850346,-1.45996571,8.384056,0.3,0,-1.32755184,0.06569846,0.004245024,-1.25760841,-1.25760841,-1.25760841,-0.628892362,80,0,-1,-2.88344336,-3.92412329,-2.48214722,0,-1.44197607,-1.44197607,0,False,False,False,False,False,-4.084636,
1.58333337,1.60000014,8.801157,108.810654,-1.4808625,80.3702,-0.0433217771,0,8.801157,-2.482155,108.810654,0,0,0,-0.0182937682,8.825838,-1.47044122,8.356552,0.3,0,-1.32387578,0.06616986,0.00422301,-1.25348282,-1.25348282,-1.25348282,-0.625631034,80,0,-1,-2.873976,-3.92213273,-2.48214722,0,-1.43998551,-1.43998551,0,False,False,False,False,False,-4.08367634,
1.60000014,1.61666679,8.776303,110.150154,-1.49122953,80.37001,-0.0433217771,0,8.776303,-2.482155,110.150154,0,0,0,-0.0184234325,8.801157,-1.4808625,8.328891,0.3,0,-1.32017362,0.06663882,0.00420117564,-1.24933362,-1.24933362,-1.24933362,-0.6223963,80,0,-1,-2.864455,-3.92002749,-2.48214722,0,-1.43788028,-1.43788028,0,False,False,False,False,False,-4.08259535,
1.61666679,1.63333344,8.751278,111.489655,-1.50154293,80.36982,-0.0433217771,0,8.751278,-2.482155,111.489655,0,0,0,-0.0185524225,8.776303,-1.49122953,8.301071,0.3,0,-1.31644559,0.06710534,0.00417943066,-1.2451607,-1.2451607,-1.2451607,-0.619174838,80,0,-1,-2.85487938,-3.91786766,-2.48214722,0,-1.43572044,-1.43572044,0,False,False,False,False,False,-4.08145571,
1.63333344,1.6500001,8.726081,112.829147,-1.511803,80.36963,-0.0433217771,0,8.726081,-2.482155,112.829147,0,0,0,-0.0186807476,8.751278,-1.50154293,8.273096,0.3,0,-1.31269169,0.0675694346,0.004157776,-1.24096441,-1.24096441,-1.24096441,-0.615966737,80,0,-1,-2.84525013,-3.91559315,-2.48214722,0,-1.43344593,-1.43344593,0,False,False,False,False,False,-4.080195,
1.6500001,1.66666675,8.700714,114.16864,-1.52200973,80.36943,-0.0433217771,0,8.700714,-2.482155,114.16864,0,0,0,-0.0188084077,8.726081,-1.511803,8.244966,0.3,0,-1.30891216,0.06803114,0.00413621124,-1.23674488,-1.23674488,-1.23674488,-0.6127719,80,0,-1,-2.83556771,-3.91320443,-2.48214722,0,-1.43105721,-1.43105721,0,False,False,False,False,False,-4.07881451,
1.66666675,1.6833334,8.675178,115.508125,-1.53216374,80.36924,-0.0433217771,0,8.675178,-2.482155,115.508125,0,0,0,-0.0189354066,8.700714,-1.52200973,8.216679,0.3,0,-1.30510712,0.0684904456,0.00411482528,-1.23250186,-1.23250186,-1.23250186,-0.6096037,80,0,-1,-2.825832,-3.91076231,-2.48214722,0,-1.42861509,-1.42861509,0,False,False,False,False,False,-4.077376,
1.6833334,1.7,8.649473,116.84761,-1.54226518,80.36905,-0.0433217771,0,8.649473,-2.482155,116.84761,0,0,0,-0.0190617479,8.675178,-1.53216374,8.188239,0.3,0,-1.30127668,0.0689473748,0.00409344,-1.228236,-1.228236,-1.228236,-0.6064355,80,0,-1,-2.81604314,-3.90820622,-2.48214722,0,-1.426059,-1.426059,0,False,False,False,False,False,-4.075818,
1.7,1.7166667,8.623601,118.187088,-1.55231428,80.36886,-0.0433217771,0,8.623601,-2.482155,118.187088,0,0,0,-0.0191874355,8.649473,-1.54226518,8.159645,0.3,0,-1.297421,0.06940194,0.004072234,-1.22394681,-1.22394681,-1.22394681,-0.603293836,80,0,-1,-2.80620146,-3.90556669,-2.48214722,0,-1.42341948,-1.42341948,0,False,False,False,False,False,-4.07417154,
1.7166667,1.73333347,8.597563,119.526566,-1.56231117,80.36866,-0.0433217771,0,8.597563,-2.482155,119.526566,0,0,0,-0.019312473,8.623601,-1.55231428,8.130898,0.3,0,-1.29354024,0.06985415,0.004051208,-1.21963477,-1.21963477,-1.21963477,-0.6001789,80,0,-1,-2.796307,-3.902844,-2.48214722,0,-1.42069674,-1.42069674,0,False,False,False,False,False,-4.07243729,
1.73333347,1.75000012,8.571359,120.866043,-1.57225645,80.36847,-0.0433217771,0,8.571359,-2.482155,120.866043,0,0,0,-0.01943686,8.597563,-1.56231117,8.102001,0.3,0,-1.28963447,0.07030401,0.004030182,-1.2153002,-1.2153002,-1.2153002,-0.5970639,80,0,-1,-2.78636122,-3.90000868,-2.48214722,0,-1.41786146,-1.41786146,0,False,False,False,False,False,-4.0705843,
1.75000012,1.76666677,8.54499,122.205513,-1.58215,80.36828,-0.0433217771,0,8.54499,-2.482155,122.205513,0,0,0,-0.0195606053,8.571359,-1.57225645,8.072953,0.3,0,-1.2857039,0.07075155,0.004009335,-1.210943,-1.210943,-1.210943,-0.5939755,80,0,-1,-2.77636337,-3.897091,-2.48214722,0,-1.4149437,-1.4149437,0,False,False,False,False,False,-4.068644,
1.76666677,1.78333342,8.518456,123.544983,-1.59199226,80.36809,-0.0433217771,0,8.518456,-2.482155,123.544983,0,0,0,-0.01968371,8.54499,-1.58215,8.043754,0.3,0,-1.28174853,0.07119676,0.003988578,-1.20656312,-1.20656312,-1.20656312,-0.590900362,80,0,-1,-2.76631379,-3.89412141,-2.48214722,0,-1.41197419,-1.41197419,0,False,False,False,False,False,-4.06664753,
1.78333342,1.80000007,8.49176,124.884445,-1.60178363,80.3679,-0.0433217771,0,8.49176,-2.482155,124.884445,0,0,0,-0.01980617,8.518456,-1.59199226,8.014406,0.3,0,-1.27776849,0.07163966,0.003967911,-1.202161,-1.202161,-1.202161,-0.5878386,80,0,-1,-2.756213,-3.891009,-2.48214722,0,-1.40886188,-1.40886188,0,False,False,False,False,False,-4.06450224,
1.80000007,1.81666672,8.464902,126.223907,-1.61152411,80.3677,-0.0433217771,0,8.464902,-2.482155,126.223907,0,0,0,-0.019928,8.49176,-1.60178363,7.98490953,0.3,0,-1.27376413,0.07208027,0.003947334,-1.1977365,-1.1977365,-1.1977365,-0.5847901,80,0,-1,-2.746061,-3.88784575,-2.48214722,0,-1.40569854,-1.40569854,0,False,False,False,False,False,-4.06230164,
1.81666672,1.83333337,8.437881,127.56337,-1.62121427,80.36751,-0.0433217771,0,8.437881,-2.482155,127.56337,0,0,0,-0.0200492032,8.464902,-1.61152411,7.955265,0.3,0,-1.26973534,0.07251859,0.00392693654,-1.19328976,-1.19328976,-1.19328976,-0.5817683,80,0,-1,-2.7358582,-3.88460088,-2.48214722,0,-1.40245366,-1.40245366,0,False,False,False,False,False,-4.06001425,
1.83333337,1.85000014,8.410701,128.902832,-1.63085413,80.36732,-0.0433217771,0,8.410701,-2.482155,128.902832,0,0,0,-0.0201697741,8.437881,-1.62121427,7.92547369,0.3,0,-1.26568222,0.07295465,0.00390653871,-1.18882108,-1.18882108,-1.18882108,-0.578746438,80,0,-1,-2.72560525,-3.881245,-2.48214722,0,-1.39909768,-1.39909768,0,False,False,False,False,False,-4.05761,
1.85000014,1.86666679,8.38336,130.242279,-1.64044392,80.36711,-0.0433217771,0,8.38336,-2.482155,130.242279,0,0,0,-0.02028972,8.410701,-1.63085413,7.895536,0.3,0,-1.26160514,0.07338844,0.00388632086,-1.18433046,-1.18433046,-1.18433046,-0.5757512,80,0,-1,-2.71530175,-3.87780786,-2.48214722,0,-1.39566064,-1.39566064,0,False,False,False,False,False,-4.05512047,
1.86666679,1.88333344,8.35586,131.581726,-1.64998424,80.36692,-0.0433217771,0,8.35586,-2.482155,131.581726,0,0,0,-0.0204090476,8.38336,-1.64044392,7.86545229,0.3,0,-1.257504,0.07381998,0.00386619265,-1.17981791,-1.17981791,-1.17981791,-0.5727692,80,0,-1,-2.70494819,-3.87429023,-2.48214722,0,-1.392143,-1.392143,0,False,False,False,False,False,-4.05254555,
1.88333344,1.9000001,8.328202,132.921173,-1.659475,80.36673,-0.0433217771,0,8.328202,-2.482155,132.921173,0,0,0,-0.0205277558,8.35586,-1.64998424,7.83522367,0.3,0,-1.253379,0.0742493,0.00384615385,-1.17528355,-1.17528355,-1.17528355,-0.5698005,80,0,-1,-2.69454455,-3.870692,-2.48214722,0,-1.3885448,-1.3885448,0,False,False,False,False,False,-4.04988527,
1.9000001,1.91666675,8.300387,134.26062,-1.6689167,80.36654,-0.0433217771,0,8.300387,-2.482155,134.26062,0,0,0,-0.0206458475,8.328202,-1.659475,7.80485153,0.3,0,-1.24923038,0.07467638,0.00382620539,-1.17072773,-1.17072773,-1.17072773,-0.5668452,80,0,-1,-2.68409181,-3.86701417,-2.48214722,0,-1.384867,-1.384867,0,False,False,False,False,False,-4.04714,
1.91666675,1.9333334,8.272415,135.600052,-1.6783092,80.36634,-0.0433217771,0,8.272415,-2.482155,135.600052,0,0,0,-0.0207633283,8.300387,-1.6689167,7.77433634,0.3,0,-1.24505818,0.07510126,0.00380643643,-1.16615045,-1.16615045,-1.16615045,-0.563916445,80,0,-1,-2.67359018,-3.86322641,-2.48214722,0,-1.3810792,-1.3810792,0,False,False,False,False,False,-4.04428053,
1.9333334,1.95,8.24428749,136.939484,-1.68765306,80.36614,-0.0433217771,0,8.24428749,-2.482155,136.939484,0,0,0,-0.0208802,8.272415,-1.6783092,7.743678,0.3,0,-1.24086237,0.07552392,0.00378666748,-1.16155171,-1.16155171,-1.16155171,-0.5609877,80,0,-1,-2.66303945,-3.85938954,-2.48214722,0,-1.37724233,-1.37724233,0,False,False,False,False,False,-4.041366,
1.95,1.96666682,8.216005,138.278915,-1.69694877,80.36595,-0.0433217771,0,8.216005,-2.482155,138.278915,0,0,0,-0.0209964663,8.24428749,-1.68765306,7.71287775,0.3,0,-1.2366432,0.0759443939,0.00376707828,-1.15693176,-1.15693176,-1.15693176,-0.5580856,80,0,-1,-2.65243959,-3.85544252,-2.48214722,0,-1.37329531,-1.37329531,0,False,False,False,False,False,-4.038337,
1.96666682,1.98333347,8.187569,139.618347,-1.70619619,80.36575,-0.0433217771,0,8.187569,-2.482155,139.618347,0,0,0,-0.0211121328,8.216005,-1.69694877,7.68193674,0.3,0,-1.23240089,0.0763627,0.003747579,-1.15229058,-1.15229058,-1.15229058,-0.5551968,80,0,-1,-2.64179158,-3.85141683,-2.48214722,0,-1.36926961,-1.36926961,0,False,False,False,False,False,-4.03522539,
1.98333347,2,8.158978,140.957779,-1.71539557,80.36556,-0.0433217771,0,8.158978,-2.482155,140.957779,0,0,0,-0.0212272,8.187569,-1.70619619,7.65085554,0.3,0,-1.22813535,0.07677884,0.00372816925,-1.14762843,-1.14762843,-1.14762843,-0.5523213,80,0,-1,-2.63109517,-3.84731221,-2.48214722,0,-1.365165,-1.365165,0,False,False,False,False,False,-4.032029,
2,2.016667,8.130236,142.2972,-1.72454739,80.3653641,-0.0433217771,0,8.130236,-2.482155,142.2972,0,0,0,-0.0213416684,8.158978,-1.71539557,7.619634,0.3,0,-1.22384679,0.0771928057,0.00370884943,-1.14294517,-1.14294517,-1.14294517,-0.5494591,80,0,-1,-2.6203506,-3.843129,-2.48214722,0,-1.3609817,-1.3609817,0,False,False,False,False,False,-4.02875,
2.016667,2.03333354,8.101341,143.636612,-1.73365188,80.36517,-0.0433217771,0,8.101341,-2.482155,143.636612,0,0,0,-0.021455545,8.130236,-1.72454739,7.588274,0.3,0,-1.21953535,0.07760464,0.00368961948,-1.13824117,-1.13824117,-1.13824117,-0.546610236,80,0,-1,-2.60955882,-3.838868,-2.48214722,0,-1.35672069,-1.35672069,0,False,False,False,False,False,-4.025388,
2.03333354,2.05000019,8.072296,144.976028,-1.74270916,80.36498,-0.0433217771,0,8.072296,-2.482155,144.976028,0,0,0,-0.0215688329,8.101341,-1.73365188,7.55677557,0.3,0,-1.21520126,0.078014344,0.003670479,-1.13351643,-1.13351643,-1.13351643,-0.5437746,80,0,-1,-2.59871936,-3.83452868,-2.48214722,0,-1.35238147,-1.35238147,0,False,False,False,False,False,-4.02194357,
2.05000019,2.06666684,8.0431,146.315445,-1.75171924,80.3647842,-0.0433217771,0,8.0431,-2.482155,146.315445,0,0,0,-0.0216815341,8.072296,-1.74270916,7.52514,0.3,0,-1.21084452,0.07842192,0.00365151837,-1.12877107,-1.12877107,-1.12877107,-0.5409656,80,0,-1,-2.58783245,-3.830081,-2.48214722,0,-1.34793377,-1.34793377,0,False,False,False,False,False,-4.018386,
2.06666684,2.08333349,8.013756,147.654861,-1.7606827,80.3645859,-0.0433217771,0,8.013756,-2.482155,147.654861,0,0,0,-0.0217936486,8.0431,-1.75171924,7.49336767,0.3,0,-1.20646513,0.07882737,0.00363255758,-1.1240052,-1.1240052,-1.1240052,-0.5381566,80,0,-1,-2.57689881,-3.82558656,-2.48214722,0,-1.34343934,-1.34343934,0,False,False,False,False,False,-4.01477671,
2.08333349,2.10000014,7.98426247,148.994263,-1.7695998,80.36439,-0.0433217771,0,7.98426247,-2.482155,148.994263,0,0,0,-0.0219051838,8.013756,-1.7606827,7.461459,0.3,0,-1.20206344,0.0792307258,0.00361377676,-1.119219,-1.119219,-1.119219,-0.5353743,80,0,-1,-2.56591845,-3.82098436,-2.48214722,0,-1.33883715,-1.33883715,0,False,False,False,False,False,-4.011055,
2.10000014,2.11666679,7.95462132,150.333664,-1.77847087,80.3642,-0.0433217771,0,7.95462132,-2.482155,150.333664,0,0,0,-0.0220161453,7.98426247,-1.7695998,7.429415,0.3,0,-1.19763947,0.079632,0.003595086,-1.11441231,-1.11441231,-1.11441231,-0.5326053,80,0,-1,-2.55489135,-3.81633544,-2.48214722,0,-1.33418822,-1.33418822,0,False,False,False,False,False,-4.00728273,
2.11666679,2.13333344,7.924833,151.673065,-1.78729582,80.364,-0.0433217771,0,7.924833,-2.482155,151.673065,0,0,0,-0.0221265275,7.95462132,-1.77847087,7.3972373,0.3,0,-1.1931932,0.0800311938,0.00357639464,-1.10958564,-1.10958564,-1.10958564,-0.5298362,80,0,-1,-2.54381871,-3.81158,-2.48214722,0,-1.32943273,-1.32943273,0,False,False,False,False,False,-4.003398,
2.13333344,2.15,7.89489841,153.012466,-1.796075,80.36381,-0.0433217771,0,7.89489841,-2.482155,153.012466,0,0,0,-0.02223634,7.924833,-1.78729582,7.364925,0.3,0,-1.188725,0.08042832,0.003557883,-1.10473883,-1.10473883,-1.10473883,-0.5270937,80,0,-1,-2.53269958,-3.80674744,-2.48214722,0,-1.32460022,-1.32460022,0,False,False,False,False,False,-3.99943256,
2.15,2.16666675,7.864818,154.351868,-1.80480874,80.36361,-0.0433217771,0,7.864818,-2.482155,154.351868,0,0,0,-0.022345582,7.89489841,-1.796075,7.33247948,0.3,0,-1.18423486,0.0808233842,0.00353946141,-1.099872,-1.099872,-1.099872,-0.5243646,80,0,-1,-2.521535,-3.80183887,-2.48214722,0,-1.31969166,-1.31969166,0,False,False,False,False,False,-3.99538636,
2.16666675,2.1833334,7.8345933,155.691254,-1.81349707,80.36342,-0.0433217771,0,7.8345933,-2.482155,155.691254,0,0,0,-0.02245426,7.864818,-1.80480874,7.29990149,0.3,0,-1.17972279,0.0812164,0.00352112949,-1.09498525,-1.09498525,-1.09498525,-0.521648765,80,0,-1,-2.51032448,-3.796854,-2.48214722,0,-1.3147068,-1.3147068,0,False,False,False,False,False,-3.99125957,
2.1833334,2.2,7.80422449,157.03064,-1.82214034,80.36322,-0.0433217771,0,7.80422449,-2.482155,157.03064,0,0,0,-0.0225623716,7.8345933,-1.81349707,7.26719141,0.3,0,-1.175189,0.08160737,0.00350288744,-1.09007871,-1.09007871,-1.09007871,-0.51894623,80,0,-1,-2.49906874,-3.79179335,-2.48214722,0,-1.30964613,-1.30964613,0,False,False,False,False,False,-3.98705244,
2.2,2.2166667,7.773712,158.370026,-1.830739,80.36303,-0.0433217771,0,7.773712,-2.482155,158.370026,0,0,0,-0.0226699244,7.80422449,-1.82214034,7.23435068,0.3,0,-1.17063367,0.08199632,0.003484735,-1.08515263,-1.08515263,-1.08515263,-0.516257,80,0,-1,-2.48776841,-3.78665757,-2.48214722,0,-1.30451035,-1.30451035,0,False,False,False,False,False,-3.9827652,
2.2166667,2.23333335,7.74305725,159.709412,-1.83929288,80.36283,-0.0433217771,0,7.74305725,-2.482155,159.709412,0,0,0,-0.0227769222,7.773712,-1.830739,7.2013793,0.3,0,-1.16605687,0.08238326,0.00346667273,-1.080207,-1.080207,-1.080207,-0.5135811,80,0,-1,-2.476423,-3.78144622,-2.48214722,0,-1.299299,-1.299299,0,False,False,False,False,False,-3.97839856,
2.23333335,2.25,7.71226072,161.048782,-1.84780264,80.36264,-0.0433217771,0,7.71226072,-2.482155,161.048782,0,0,0,-0.0228833631,7.74305725,-1.83929288,7.168278,0.3,0,-1.16145861,0.08276819,0.0034487003,-1.0752418,-1.0752418,-1.0752418,-0.5109185,80,0,-1,-2.465033,-3.77615976,-2.48214722,0,-1.29401255,-1.29401255,0,False,False,False,False,False,-3.97395229,
2.25,2.266667,7.681323,162.388153,-1.85626829,80.36244,-0.0433217771,0,7.681323,-2.482155,162.388153,0,0,0,-0.0229892526,7.71226072,-1.84780264,7.135047,0.3,0,-1.15683913,0.0831511244,0.00343090761,-1.07025707,-1.07025707,-1.07025707,-0.508282542,80,0,-1,-2.4535985,-3.77079821,-2.48214722,0,-1.288651,-1.288651,0,False,False,False,False,False,-3.96942687,
2.266667,2.28333354,7.65024471,163.727524,-1.86469007,80.36224,-0.0433217771,0,7.65024471,-2.482155,163.727524,0,0,0,-0.0230945982,7.681323,-1.85626829,7.10168839,0.3,0,-1.15219855,0.08353208,0.00341311446,-1.06525326,-1.06525326,-1.06525326,-0.5056465,80,0,-1,-2.44212,-3.76533175,-2.48214722,0,-1.28318453,-1.28318453,0,False,False,False,False,False,-3.964792,
2.28333354,2.30000019,7.619027,165.0669,-1.87306833,80.36206,-0.0433217771,0,7.619027,-2.482155,165.0669,0,0,0,-0.0231993962,7.65024471,-1.86469007,7.06820154,0.3,0,-1.14753675,0.08391106,0.00339541142,-1.06023026,-1.06023026,-1.06023026,-0.503023863,80,0,-1,-2.43059778,-3.75982141,-2.48214722,0,-1.2776742,-1.2776742,0,False,False,False,False,False,-3.96010852,
2.30000019,2.31666684,7.58767033,166.406265,-1.881403,80.3618546,-0.0433217771,0,7.58767033,-2.482155,166.406265,0,0,0,-0.0233036485,7.619027,-1.87306833,7.034588,0.3,0,-1.14285409,0.08428808,0.00337779825,-1.05518818,-1.05518818,-1.05518818,-0.5004145,80,0,-1,-2.41903186,-3.754237,-2.48214722,0,-1.27208972,-1.27208972,0,False,False,False,False,False,-3.95534682,
2.31666684,2.33333349,7.556175,167.745621,-1.88969469,80.36167,-0.0433217771,0,7.556175,-2.482155,167.745621,0,0,0,-0.0234073661,7.58767033,-1.881403,7.000847,0.3,0,-1.13815057,0.08466314,0.00336036459,-1.050127,-1.050127,-1.050127,-0.497831732,80,0,-1,-2.407422,-3.748578,-2.48214722,0,-1.26643085,-1.26643085,0,False,False,False,False,False,-3.950507,
2.33333349,2.35000014,7.524543,169.084976,-1.897943,80.36147,-0.0433217771,0,7.524543,-2.482155,169.084976,0,0,0,-0.0235105418,7.556175,-1.88969469,6.96698046,0.3,0,-1.13342631,0.08503627,0.003342931,-1.04504716,-1.04504716,-1.04504716,-0.495248973,80,0,-1,-2.39576983,-3.74281573,-2.48214722,0,-1.26066852,-1.26066852,0,False,False,False,False,False,-3.94555831,
2.35000014,2.36666679,7.49277353,170.424332,-1.90614891,80.36128,-0.0433217771,0,7.49277353,-2.482155,170.424332,0,0,0,-0.0236131847,7.524543,-1.897943,6.932989,0.3,0,-1.12868142,0.08540744,0.00332558714,-1.03994846,-1.03994846,-1.03994846,-0.4926795,80,0,-1,-2.38407445,-3.73701024,-2.48214722,0,-1.254863,-1.254863,0,False,False,False,False,False,-3.94056249,
2.36666679,2.38333344,7.46086836,171.763687,-1.91431189,80.361084,-0.0433217771,0,7.46086836,-2.482155,171.763687,0,0,0,-0.0237152949,7.49277353,-1.90614891,6.898873,0.3,0,-1.123916,0.08577671,0.003308423,-1.03483093,-1.03483093,-1.03483093,-0.4901367,80,0,-1,-2.37233543,-3.7311306,-2.48214722,0,-1.24898338,-1.24898338,0,False,False,False,False,False,-3.93548942,
2.38333344,2.4,7.428828,173.103043,-1.922433,80.36089,-0.0433217771,0,7.428828,-2.482155,173.103043,0,0,0,-0.0238168761,7.46086836,-1.91431189,6.864633,0.3,0,-1.11913025,0.086144045,0.003291259,-1.029695,-1.029695,-1.029695,-0.4875939,80,0,-1,-2.3605547,-3.7251482,-2.48214722,0,-1.243001,-1.243001,0,False,False,False,False,False,-3.93030858,
2.4,2.41666675,7.3966527,174.442383,-1.93051207,80.3607,-0.0433217771,0,7.3966527,-2.482155,174.442383,0,0,0,-0.0239179321,7.428828,-1.922433,6.83027,0.3,0,-1.11432421,0.086509496,0.00327418465,-1.02454054,-1.02454054,-1.02454054,-0.485064328,80,0,-1,-2.34873176,-3.7191236,-2.48214722,0,-1.23697639,-1.23697639,0,False,False,False,False,False,-3.925081,
2.41666675,2.4333334,7.36434364,175.781723,-1.938549,80.36051,-0.0433217771,0,7.36434364,-2.482155,175.781723,0,0,0,-0.0240184665,7.3966527,-1.93051207,6.79578447,0.3,0,-1.1094979,0.08687305,0.00325720012,-1.01936769,-1.01936769,-1.01936769,-0.482548118,80,0,-1,-2.33686638,-3.713026,-2.48214722,0,-1.23087883,-1.23087883,0,False,False,False,False,False,-3.919777,
2.4333334,2.45,7.331901,177.121063,-1.94654441,80.36032,-0.0433217771,0,7.331901,-2.482155,177.121063,0,0,0,-0.0241184775,7.36434364,-1.938549,6.761176,0.3,0,-1.10465157,0.08723471,0.00324039534,-1.01417649,-1.01417649,-1.01417649,-0.480058521,80,0,-1,-2.32495928,-3.70685625,-2.48214722,0,-1.224709,-1.224709,0,False,False,False,False,False,-3.91439652,
2.45,2.4666667,7.299326,178.4604,-1.954498,80.36012,-0.0433217771,0,7.299326,-2.482155,178.4604,0,0,0,-0.02421797,7.331901,-1.94654441,6.726447,0.3,0,-1.09978521,0.0875945,0.00322359079,-1.00896716,-1.00896716,-1.00896716,-0.477568954,80,0,-1,-2.31301045,-3.7005837,-2.48214722,0,-1.21843648,-1.21843648,0,False,False,False,False,False,-3.908909,
2.4666667,2.48333335,7.266619,179.799728,-1.96241081,80.35993,-0.0433217771,0,7.266619,-2.482155,179.799728,0,0,0,-0.0243169479,7.299326,-1.954498,6.69159746,0.3,0,-1.09489894,0.08795242,0.00320687587,-1.00373971,-1.00373971,-1.00373971,-0.475092649,80,0,-1,-2.30102062,-3.69427013,-2.48214722,0,-1.21212292,-1.21212292,0,False,False,False,False,False,-3.903376,
2.48333335,2.50000024,7.23378134,181.139053,-1.97028255,80.35974,-0.0433217771,0,7.23378134,-2.482155,181.139053,0,0,0,-0.0244154129,7.266619,-1.96241081,6.65662766,0.3,0,-1.08999288,0.08830849,0.0031902506,-0.9984942,-0.9984942,-0.9984942,-0.472629666,80,0,-1,-2.28898883,-3.687884,-2.48214722,0,-1.20573688,-1.20573688,0,False,False,False,False,False,-3.897767,
2.50000024,2.516667,7.200813,182.478378,-1.97811353,80.35955,-0.0433217771,0,7.200813,-2.482155,182.478378,0,0,0,-0.0245133676,7.23378134,-1.97028255,6.62153864,0.3,0,-1.08506727,0.08866272,0.00317371543,-0.9932308,-0.9932308,-0.9932308,-0.47018,80,0,-1,-2.27691674,-3.68142724,-2.48214722,0,-1.19928,-1.19928,0,False,False,False,False,False,-3.892083,
2.516667,2.53333354,7.1677146,183.8177,-1.98590362,80.35935,-0.0433217771,0,7.1677146,-2.482155,183.8177,0,0,0,-0.0246108174,7.200813,-1.97811353,6.58633041,0.3,0,-1.080122,0.08901512,0.00315727,-0.9879496,-0.9879496,-0.9879496,-0.467743635,80,0,-1,-2.26480341,-3.67489862,-2.48214722,0,-1.19275141,-1.19275141,0,False,False,False,False,False,-3.88632345,
2.53333354,2.55000019,7.134487,185.157028,-1.99365366,80.35916,-0.0433217771,0,7.134487,-2.482155,185.157028,0,0,0,-0.02470776,7.1677146,-1.98590362,6.551004,0.3,0,-1.07515728,0.08936567,0.003140914,-0.982650638,-0.982650638,-0.982650638,-0.465320557,80,0,-1,-2.25264978,-3.6682992,-2.48214722,0,-1.186152,-1.186152,0,False,False,False,False,False,-3.88048863,
2.55000019,2.56666684,7.101131,186.496338,-2.00136352,80.35897,-0.0433217771,0,7.101131,-2.482155,186.496338,0,0,0,-0.024804201,7.134487,-1.99365366,6.51556,0.3,0,-1.07017314,0.08971442,0.00312464871,-0.9773341,-0.9773341,-0.9773341,-0.462910861,80,0,-1,-2.24045587,-3.661629,-2.48214722,0,-1.17948174,-1.17948174,0,False,False,False,False,False,-3.874579,
2.56666684,2.58333349,7.067647,187.835648,-2.00903344,80.35878,-0.0433217771,0,7.067647,-2.482155,187.835648,0,0,0,-0.024900144,7.101131,-2.00136352,6.47999859,0.3,0,-1.06516969,0.09006137,0.0031084728,-0.9719998,-0.9719998,-0.9719998,-0.460514426,80,0,-1,-2.22822118,-3.65488744,-2.48214722,0,-1.17274022,-1.17274022,0,False,False,False,False,False,-3.86859441,
2.58333349,2.60000014,7.03403568,189.174957,-2.01666379,80.3586,-0.0433217771,0,7.03403568,-2.482155,189.174957,0,0,0,-0.02499559,7.067647,-2.00903344,6.444321,0.3,0,-1.060147,0.0904065147,0.00309238629,-0.9666482,-0.9666482,-0.9666482,-0.458131254,80,0,-1,-2.215947,-3.64807582,-2.48214722,0,-1.1659286,-1.1659286,0,False,False,False,False,False,-3.86253572,
2.60000014,2.61666679,7.000298,190.514267,-2.02425432,80.3584061,-0.0433217771,0,7.000298,-2.482155,190.514267,0,0,0,-0.02509054,7.03403568,-2.01666379,6.40852737,0.3,0,-1.05510545,0.0907498747,0.00307639013,-0.961279154,-0.961279154,-0.961279154,-0.455761462,80,0,-1,-2.20363259,-3.64122415,-2.48214722,0,-1.15907693,-1.15907693,0,False,False,False,False,False,-3.85643339,
2.61666679,2.63333344,6.96643448,191.853577,-2.03180552,80.3582153,-0.0433217771,0,6.96643448,-2.482155,191.853577,0,0,0,-0.0251849983,7.000298,-2.02425432,6.372619,0.3,0,-1.05004478,0.091091454,0.00306039373,-0.9558929,-0.9558929,-0.9558929,-0.4533916,80,0,-1,-2.19127941,-3.63427258,-2.48214722,0,-1.15212536,-1.15212536,0,False,False,False,False,False,-3.85022688,
2.63333344,2.65,6.932446,193.192871,-2.03931761,80.3580246,-0.0433217771,0,6.932446,-2.482155,193.192871,0,0,0,-0.0252789669,6.96643448,-2.03180552,6.33659554,0.3,0,-1.04496527,0.09143125,0.003044577,-0.950489342,-0.950489342,-0.950489342,-0.4510484,80,0,-1,-2.17888618,-3.62725043,-2.48214722,0,-1.14510322,-1.14510322,0,False,False,False,False,False,-3.84394622,
2.65,2.66666675,6.8983326,194.532166,-2.04679084,80.3578339,-0.0433217771,0,6.8983326,-2.482155,194.532166,0,0,0,-0.02537245,6.932446,-2.03931761,6.300459,0.3,0,-1.03986692,0.0917693,0.003028761,-0.9450689,-0.9450689,-0.9450689,-0.448705256,80,0,-1,-2.16645455,-3.62019,-2.48214722,0,-1.13804269,-1.13804269,0,False,False,False,False,False,-3.8376224,
2.66666675,2.6833334,6.86409569,195.87146,-2.05422544,80.35765,-0.0433217771,0,6.86409569,-2.482155,195.87146,0,0,0,-0.02546545,6.8983326,-2.04679084,6.264208,0.3,0,-1.03475,0.0921056,0.003013124,-0.9396312,-0.9396312,-0.9396312,-0.4463887,80,0,-1,-2.15398335,-3.61305928,-2.48214722,0,-1.13091207,-1.13091207,0,False,False,False,False,False,-3.83122587,
2.6833334,2.7,6.82973528,197.210754,-2.06162119,80.35746,-0.0433217771,0,6.82973528,-2.482155,197.210754,0,0,0,-0.0255579669,6.86409569,-2.05422544,6.22784472,0.3,0,-1.02961445,0.09244015,0.00299748685,-0.934176743,-0.934176743,-0.934176743,-0.444072068,80,0,-1,-2.141474,-3.60582948,-2.48214722,0,-1.12368226,-1.12368226,0,False,False,False,False,False,-3.82472563,
2.7,2.7166667,6.79525232,198.550049,-2.06897879,80.35727,-0.0433217771,0,6.79525232,-2.482155,198.550049,0,0,0,-0.0256500021,6.82973528,-2.06162119,6.19136953,0.3,0,-1.02446032,0.09277296,0.00298193959,-0.928705454,-0.928705454,-0.928705454,-0.441768765,80,0,-1,-2.128926,-3.598561,-2.48214722,0,-1.11641383,-1.11641383,0,False,False,False,False,False,-3.81818271,
2.7166667,2.73333359,6.7606473,199.889328,-2.07629824,80.3570862,-0.0433217771,0,6.7606473,-2.482155,199.889328,0,0,0,-0.0257415641,6.79525232,-2.06897879,6.1547823,0.3,0,-1.019288,0.09310405,0.00296648243,-0.923217356,-0.923217356,-0.923217356,-0.4394788,80,0,-1,-2.11633945,-3.59122348,-2.48214722,0,-1.10907626,-1.10907626,0,False,False,False,False,False,-3.81156754,
2.73333359,2.75000024,6.725921,201.2286,-2.08357978,80.3568954,-0.0433217771,0,6.725921,-2.482155,201.2286,0,0,0,-0.02583265,6.7606473,-2.07629824,6.11808348,0.3,0,-1.01409709,0.0934334248,0.002951115,-0.917712569,-0.917712569,-0.917712569,-0.437202156,80,0,-1,-2.103715,-3.58381748,-2.48214722,0,-1.10167027,-1.10167027,0,False,False,False,False,False,-3.80487967,
2.75000024,2.766667,6.691074,202.567886,-2.09082365,80.3567047,-0.0433217771,0,6.691074,-2.482155,202.567886,0,0,0,-0.0259232633,6.725921,-2.08357978,6.081275,0.3,0,-1.00888824,0.0937610939,0.00293583772,-0.9121913,-0.9121913,-0.9121913,-0.434938878,80,0,-1,-2.09105253,-3.576343,-2.48214722,0,-1.09419584,-1.09419584,0,False,False,False,False,False,-3.79812,
2.766667,2.78333354,6.656107,203.907166,-2.09802985,80.356514,-0.0433217771,0,6.656107,-2.482155,203.907166,0,0,0,-0.0260134116,6.691074,-2.09082365,6.044356,0.3,0,-1.00366116,0.09408707,0.00292064971,-0.9066534,-0.9066534,-0.9066534,-0.4326888,80,0,-1,-2.07835221,-3.56880021,-2.48214722,0,-1.086653,-1.086653,0,False,False,False,False,False,-3.79128838,
2.78333354,2.80000019,6.62102032,205.246445,-2.10519886,80.35633,-0.0433217771,0,6.62102032,-2.482155,205.246445,0,0,0,-0.02610309,6.656107,-2.09802985,6.00732756,0.3,0,-0.998416066,0.09441135,0.00290555181,-0.901099145,-0.901099145,-0.901099145,-0.430452079,80,0,-1,-2.06561446,-3.56122,-2.48214722,0,-1.07907271,-1.07907271,0,False,False,False,False,False,-3.78441525,
2.80000019,2.81666684,6.585815,206.585709,-2.11233068,80.35614,-0.0433217771,0,6.585815,-2.482155,206.585709,0,0,0,-0.0261923037,6.62102032,-2.10519886,5.970191,0.3,0,-0.9931531,0.09473395,0.002890454,-0.8955287,-0.8955287,-0.8955287,-0.428215355,80,0,-1,-2.05283976,-3.55354166,-2.48214722,0,-1.07139444,-1.07139444,0,False,False,False,False,False,-3.77744031,
2.81666684,2.83333349,6.55049133,207.924973,-2.11942577,80.35596,-0.0433217771,0,6.55049133,-2.482155,207.924973,0,0,0,-0.0262810569,6.585815,-2.11233068,5.932946,0.3,0,-0.9878723,0.09505489,0.00287544588,-0.889942,-0.889942,-0.889942,-0.425991923,80,0,-1,-2.04002762,-3.545826,-2.48214722,0,-1.06367874,-1.06367874,0,False,False,False,False,False,-3.77042437,
2.83333349,2.85000014,6.51505,209.264236,-2.126484,80.35577,-0.0433217771,0,6.51505,-2.482155,209.264236,0,0,0,-0.0263693519,6.55049133,-2.11942577,5.89559269,0.3,0,-0.982573748,0.09537417,0.00286061759,-0.8843389,-0.8843389,-0.8843389,-0.423795164,80,0,-1,-2.02717829,-3.53804255,-2.48214722,0,-1.05589533,-1.05589533,0,False,False,False,False,False,-3.76333761,
2.85000014,2.86666679,6.47949171,210.6035,-2.13350558,80.35559,-0.0433217771,0,6.47949171,-2.482155,210.6035,0,0,0,-0.0264571887,6.51505,-2.126484,5.858133,0.3,0,-0.97725755,0.0956917852,0.00284578931,-0.87872,-0.87872,-0.87872,-0.421598375,80,0,-1,-2.01429272,-3.53019238,-2.48214722,0,-1.04804516,-1.04804516,0,False,False,False,False,False,-3.75617981,
2.86666679,2.88333344,6.44381666,211.942764,-2.14049053,80.3554,-0.0433217771,0,6.44381666,-2.482155,211.942764,0,0,0,-0.0265445691,6.47949171,-2.13350558,5.820566,0.3,0,-0.971923769,0.09600776,0.00283105066,-0.873084962,-0.873084962,-0.873084962,-0.419414848,80,0,-1,-2.00137043,-3.522275,-2.48214722,0,-1.04012775,-1.04012775,0,False,False,False,False,False,-3.74895144,
2.88333344,2.9,6.408026,213.282013,-2.14743948,80.35522,-0.0433217771,0,6.408026,-2.482155,213.282013,0,0,0,-0.026631495,6.44381666,-2.14049053,5.782894,0.3,0,-0.9665725,0.09632208,0.00281631225,-0.867434144,-0.867434144,-0.867434144,-0.417231381,80,0,-1,-1.98841178,-3.51429057,-2.48214722,0,-1.03214335,-1.03214335,0,False,False,False,False,False,-3.741652,
2.9,2.91666675,6.37212038,214.621262,-2.15435243,80.3550339,-0.0433217771,0,6.37212038,-2.482155,214.621262,0,0,0,-0.026717972,6.408026,-2.14743948,5.74511576,0.3,0,-0.961204,0.09663478,0.002801753,-0.8617674,-0.8617674,-0.8617674,-0.4150745,80,0,-1,-1.97541666,-3.50623941,-2.48214722,0,-1.0240922,-1.0240922,0,False,False,False,False,False,-3.73428321,
2.91666675,2.9333334,6.3361,215.96051,-2.16122913,80.35484,-0.0433217771,0,6.3361,-2.482155,215.96051,0,0,0,-0.026804002,6.37212038,-2.15435243,5.707233,0.3,0,-0.9558181,0.09694587,0.00278728432,-0.856085,-0.856085,-0.856085,-0.412930965,80,0,-1,-1.96238589,-3.49815249,-2.48214722,0,-1.01600528,-1.01600528,0,False,False,False,False,False,-3.72687435,
2.9333334,2.95,6.29996538,217.299759,-2.16807055,80.35467,-0.0433217771,0,6.29996538,-2.482155,217.299759,0,0,0,-0.0268895831,6.3361,-2.16122913,5.66924572,0.3,0,-0.9504151,0.09725532,0.00277281553,-0.8503869,-0.8503869,-0.8503869,-0.410787433,80,0,-1,-1.94931936,-3.48996878,-2.48214722,0,-1.00782156,-1.00782156,0,False,False,False,False,False,-3.71936536,
2.95,2.966667,6.26371765,218.639,-2.17487621,80.3544846,-0.0433217771,0,6.26371765,-2.482155,218.639,0,0,0,-0.02697472,6.29996538,-2.16807055,5.63115454,0.3,0,-0.944994867,0.0975631848,0.00275843614,-0.8446732,-0.8446732,-0.8446732,-0.408657163,80,0,-1,-1.936217,-3.481749,-2.48214722,0,-0.999601841,-0.999601841,0,False,False,False,False,False,-3.711817,
2.966667,2.98333359,6.227357,219.978241,-2.18164682,80.3543,-0.0433217771,0,6.227357,-2.482155,219.978241,0,0,0,-0.0270594172,6.26371765,-2.17487621,5.59296036,0.3,0,-0.9395577,0.09786944,0.002744147,-0.8389441,-0.8389441,-0.8389441,-0.406540245,80,0,-1,-1.92307925,-3.47346377,-2.48214722,0,-0.9913166,-0.9913166,0,False,False,False,False,False,-3.70419931,
2.98333359,3.00000024,6.19088364,221.317474,-2.18838239,80.354126,-0.0433217771,0,6.19088364,-2.482155,221.317474,0,0,0,-0.027143674,6.227357,-2.18164682,5.554663,0.3,0,-0.934103549,0.09817412,0.00272994745,-0.8331995,-0.8331995,-0.8331995,-0.404436618,80,0,-1,-1.90990639,-3.46511269,-2.48214722,0,-0.9829655,-0.9829655,0,False,False,False,False,False,-3.69651222,
3.00000024,3.016667,6.154299,222.656708,-2.19508266,80.35394,-0.0433217771,0,6.154299,-2.482155,222.656708,0,0,0,-0.0272274949,6.19088364,-2.18838239,5.51626348,0.3,0,-0.928632557,0.0984772146,0.002715838,-0.827439547,-0.827439547,-0.827439547,-0.4023463,80,0,-1,-1.89669812,-3.456726,-2.48214722,0,-0.9745789,-0.9745789,0,False,False,False,False,False,-3.68878675,
3.016667,3.03333354,6.117603,223.995941,-2.20174813,80.35376,-0.0433217771,0,6.117603,-2.482155,223.995941,0,0,0,-0.02731088,6.154299,-2.19508266,5.477762,0.3,0,-0.9231449,0.0987787247,0.0027017286,-0.8216644,-0.8216644,-0.8216644,-0.400256038,80,0,-1,-1.88345516,-3.448244,-2.48214722,0,-0.9660969,-0.9660969,0,False,False,False,False,False,-3.68096232,
3.03333354,3.05000019,6.08079672,225.335175,-2.20837927,80.35358,-0.0433217771,0,6.08079672,-2.482155,225.335175,0,0,0,-0.0273938309,6.117603,-2.20174813,5.43916035,0.3,0,-0.917640448,0.09907867,0.00268770847,-0.8158741,-0.8158741,-0.8158741,-0.398179,80,0,-1,-1.87017775,-3.43972731,-2.48214722,0,-0.95758003,-0.95758003,0,False,False,False,False,False,-3.673099,
3.05000019,3.06666684,6.04388046,226.6744,-2.214976,80.35339,-0.0433217771,0,6.04388046,-2.482155,226.6744,0,0,0,-0.0274763554,6.08079672,-2.20837927,5.400458,0.3,0,-0.912119567,0.09937707,0.002673779,-0.8100687,-0.8100687,-0.8100687,-0.396115333,80,0,-1,-1.85686588,-3.43114567,-2.48214722,0,-0.948998451,-0.948998451,0,False,False,False,False,False,-3.66516781,
3.06666684,3.08333349,6.006855,228.013611,-2.22153878,80.35321,-0.0433217771,0,6.006855,-2.482155,228.013611,0,0,0,-0.0275584534,6.04388046,-2.214976,5.36165476,0.3,0,-0.9065821,0.0996739343,0.002659939,-0.8042483,-0.8042483,-0.8042483,-0.394065,80,0,-1,-1.84351933,-3.4224987,-2.48214722,0,-0.940351546,-0.940351546,0,False,False,False,False,False,-3.65716839,
3.08333349,3.10000014,5.96972036,229.352829,-2.22806764,80.353035,-0.0433217771,0,5.96972036,-2.482155,229.352829,0,0,0,-0.0276401285,6.006855,-2.22153878,5.322752,0.3,0,-0.9010283,0.09996925,0.00264618848,-0.798412859,-0.798412859,-0.798412859,-0.392027885,80,0,-1,-1.8301388,-3.41378736,-2.48214722,0,-0.931640148,-0.931640148,0,False,False,False,False,False,-3.64910078,
3.10000014,3.11666679,5.93247747,230.692047,-2.2345624,80.35285,-0.0433217771,0,5.93247747,-2.482155,230.692047,0,0,0,-0.027721379,5.96972036,-2.22806764,5.28375053,0.3,0,-0.8954581,0.100263052,0.00263243821,-0.7925626,-0.7925626,-0.7925626,-0.3899908,80,0,-1,-1.81672406,-3.405042,-2.48214722,0,-0.9228947,-0.9228947,0,False,False,False,False,False,-3.64099574,
3.11666679,3.13333344,5.8951273,232.031265,-2.24102354,80.35268,-0.0433217771,0,5.8951273,-2.482155,232.031265,0,0,0,-0.0278022066,5.93247747,-2.2345624,5.24464941,0.3,0,-0.889871657,0.100555316,0.002618868,-0.786697447,-0.786697447,-0.786697447,-0.387980372,80,0,-1,-1.80327559,-3.39623213,-2.48214722,0,-0.914084852,-0.914084852,0,False,False,False,False,False,-3.632823,
3.13333344,3.15,5.85767,233.370468,-2.247451,80.35249,-0.0433217771,0,5.85767,-2.482155,233.370468,0,0,0,-0.027882617,5.8951273,-2.24102354,5.20545149,0.3,0,-0.8842691,0.100846067,0.00260529714,-0.780817747,-0.780817747,-0.780817747,-0.3859699,80,0,-1,-1.78979349,-3.38735819,-2.48214722,0,-0.905211,-0.905211,0,False,False,False,False,False,-3.624583,
3.15,3.16666675,5.82010555,234.709671,-2.25384521,80.35232,-0.0433217771,0,5.82010555,-2.482155,234.709671,0,0,0,-0.0279626083,5.85767,-2.247451,5.16615629,0.3,0,-0.8786505,0.101135306,0.00259172684,-0.7749235,-0.7749235,-0.7749235,-0.383959472,80,0,-1,-1.7762785,-3.37842083,-2.48214722,0,-0.8962737,-0.8962737,0,False,False,False,False,False,-3.61627579,
3.16666675,3.1833334,5.78243542,236.048874,-2.26020646,80.35214,-0.0433217771,0,5.78243542,-2.482155,236.048874,0,0,0,-0.0280421823,5.82010555,-2.25384521,5.126763,0.3,0,-0.8730159,0.10142304,0.002578336,-0.7690145,-0.7690145,-0.7690145,-0.381975651,80,0,-1,-1.76272941,-3.36941886,-2.48214722,0,-0.887271643,-0.887271643,0,False,False,False,False,False,-3.60790133,
3.1833334,3.20000029,5.74466,237.388077,-2.26653457,80.35196,-0.0433217771,0,5.74466,-2.482155,237.388077,0,0,0,-0.0281213485,5.78243542,-2.26020646,5.0872736,0.3,0,-0.86736536,0.1017093,0.00256494526,-0.7630911,-0.7630911,-0.7630911,-0.379991829,80,0,-1,-1.74914765,-3.36038423,-2.48214722,0,-0.878237,-0.878237,0,False,False,False,False,False,-3.59949064,
3.20000029,3.216667,5.70677948,238.72728,-2.27283,80.35178,-0.0433217771,0,5.70677948,-2.482155,238.72728,0,0,0,-0.0282001048,5.74466,-2.26653457,5.04768848,0.3,0,-0.861699045,0.10199406,0.002551644,-0.757153332,-0.757153332,-0.757153332,-0.3780213,80,0,-1,-1.735533,-3.35128617,-2.48214722,0,-0.869138956,-0.869138956,0,False,False,False,False,False,-3.59101319,
3.216667,3.23333359,5.66879463,240.066467,-2.27909279,80.35161,-0.0433217771,0,5.66879463,-2.482155,240.066467,0,0,0,-0.0282784533,5.70677948,-2.27283,5.00800753,0.3,0,-0.856016934,0.102277361,0.002538433,-0.751201153,-0.751201153,-0.751201153,-0.376064122,80,0,-1,-1.72188544,-3.3421247,-2.48214722,0,-0.8599775,-0.8599775,0,False,False,False,False,False,-3.58246922,
3.23333359,3.25000024,5.630706,241.405655,-2.28532314,80.3514252,-0.0433217771,0,5.630706,-2.482155,241.405655,0,0,0,-0.0283563938,5.66879463,-2.27909279,4.968231,0.3,0,-0.8503192,0.102559187,0.00252531166,-0.7452347,-0.7452347,-0.7452347,-0.3741202,80,0,-1,-1.70820522,-3.3329,-2.48214722,0,-0.850752831,-0.850752831,0,False,False,False,False,False,-3.57385874,
3.25000024,3.266667,5.592514,242.744843,-2.29152131,80.35125,-0.0433217771,0,5.592514,-2.482155,242.744843,0,0,0,-0.0284339357,5.630706,-2.28532314,4.928361,0.3,0,-0.8446059,0.102839552,0.00251219072,-0.7392542,-0.7392542,-0.7392542,-0.372176349,80,0,-1,-1.69449282,-3.32364321,-2.48214722,0,-0.841496,-0.841496,0,False,False,False,False,False,-3.565213,
3.266667,3.28333354,5.55421925,244.08403,-2.29768729,80.35108,-0.0433217771,0,5.55421925,-2.482155,244.08403,0,0,0,-0.0285110734,5.592514,-2.29152131,4.888396,0.3,0,-0.838877141,0.103118464,0.002499249,-0.7332594,-0.7332594,-0.7332594,-0.370259076,80,0,-1,-1.68074775,-3.31432319,-2.48214722,0,-0.83217597,-0.83217597,0,False,False,False,False,False,-3.55650115,
3.28333354,3.30000019,5.51582241,245.423218,-2.303821,80.35091,-0.0433217771,0,5.51582241,-2.482155,245.423218,0,0,0,-0.0285878088,5.55421925,-2.29768729,4.84833765,0.3,0,-0.8331329,0.103395939,0.00248630741,-0.7272507,-0.7272507,-0.7272507,-0.3683418,80,0,-1,-1.66697109,-3.304941,-2.48214722,0,-0.8227937,-0.8227937,0,False,False,False,False,False,-3.54772377,
3.30000019,3.31666684,5.47732353,246.76239,-2.30992317,80.35072,-0.0433217771,0,5.47732353,-2.482155,246.76239,0,0,0,-0.0286641456,5.51582241,-2.303821,4.808187,0.3,0,-0.8273734,0.103671961,0.00247336575,-0.721228063,-0.721228063,-0.721228063,-0.3664245,80,0,-1,-1.65316236,-3.29549623,-2.48214722,0,-0.813349,-0.813349,0,False,False,False,False,False,-3.53888059,
3.31666684,3.33333349,5.43872356,248.101563,-2.31599379,80.3505554,-0.0433217771,0,5.43872356,-2.482155,248.101563,0,0,0,-0.0287400912,5.47732353,-2.30992317,4.76794243,0.3,0,-0.8215986,0.103946552,0.00246060384,-0.715191364,-0.715191364,-0.715191364,-0.364533871,80,0,-1,-1.63932157,-3.28601956,-2.48214722,0,-0.803872347,-0.803872347,0,False,False,False,False,False,-3.53000259,
3.33333349,3.35000014,5.400023,249.440735,-2.32203269,80.35038,-0.0433217771,0,5.400023,-2.482155,249.440735,0,0,0,-0.02881564,5.43872356,-2.31599379,4.7276063,0.3,0,-0.8158086,0.104219727,0.00244784215,-0.709140956,-0.709140956,-0.709140956,-0.362643242,80,0,-1,-1.62544942,-3.2764504,-2.48214722,0,-0.7943032,-0.7943032,0,False,False,False,False,False,-3.52102852,
3.35000014,3.36666679,5.36122227,250.7799,-2.32804036,80.3502045,-0.0433217771,0,5.36122227,-2.482155,250.7799,0,0,0,-0.0288907979,5.400023,-2.32203269,4.68717861,0.3,0,-0.810003459,0.10449148,0.00243517,-0.703076839,-0.703076839,-0.703076839,-0.3607659,80,0,-1,-1.61154592,-3.26688027,-2.48214722,0,-0.784733057,-0.784733057,0,False,False,False,False,False,-3.51205063,
3.36666679,3.38333344,5.322322,252.11908,-2.334017,80.35003,-0.0433217771,0,5.322322,-2.482155,252.11908,0,0,0,-0.0289655663,5.36122227,-2.32804036,4.64666033,0.3,0,-0.804183364,0.104761824,0.002422498,-0.6969991,-0.6969991,-0.6969991,-0.358888566,80,0,-1,-1.59761131,-3.25721812,-2.48214722,0,-0.7750709,-0.7750709,0,False,False,False,False,False,-3.50297737,
3.38333344,3.4,5.28332233,253.458237,-2.33996272,80.34986,-0.0433217771,0,5.28332233,-2.482155,253.458237,0,0,0,-0.029039951,5.322322,-2.334017,4.60605,0.3,0,-0.7983483,0.105030775,0.002410006,-0.690907538,-0.690907538,-0.690907538,-0.357037872,80,0,-1,-1.583645,-3.2475245,-2.48214722,0,-0.7653773,-0.7653773,0,False,False,False,False,False,-3.49387026,
3.4,3.41666675,5.24422455,254.7974,-2.34587741,80.3496857,-0.0433217771,0,5.24422455,-2.482155,254.7974,0,0,0,-0.0291139465,5.28332233,-2.33996272,4.56535,0.3,0,-0.7924984,0.105298333,0.00239751372,-0.684802532,-0.684802532,-0.684802532,-0.355187178,80,0,-1,-1.56964815,-3.23776937,-2.48214722,0,-0.755622149,-0.755622149,0,False,False,False,False,False,-3.4846983,
3.41666675,3.4333334,5.20502853,256.136566,-2.35176158,80.34951,-0.0433217771,0,5.20502853,-2.482155,256.136566,0,0,0,-0.02918756,5.24422455,-2.34587741,4.52456045,0.3,0,-0.78663373,0.10556449,0.00238511129,-0.6786841,-0.6786841,-0.6786841,-0.353349775,80,0,-1,-1.55562055,-3.2279532,-2.48214722,0,-0.745806,-0.745806,0,False,False,False,False,False,-3.475462,
3.4333334,3.45000029,5.165735,257.4757,-2.35761547,80.34934,-0.0433217771,0,5.165735,-2.482155,257.4757,0,0,0,-0.0292607918,5.20502853,-2.35176158,4.483682,0.3,0,-0.7807543,0.105829276,0.00237270887,-0.672552347,-0.672552347,-0.672552347,-0.351512372,80,0,-1,-1.54156256,-3.21807623,-2.48214722,0,-0.735929,-0.735929,0,False,False,False,False,False,-3.466162,
3.45000029,3.466667,5.126344,258.81485,-2.36343884,80.3491745,-0.0433217771,0,5.126344,-2.482155,258.81485,0,0,0,-0.0293336473,5.165735,-2.35761547,4.442714,0.3,0,-0.774860263,0.106092706,0.002360396,-0.666407168,-0.666407168,-0.666407168,-0.349688262,80,0,-1,-1.52747369,-3.20816827,-2.48214722,0,-0.726021051,-0.726021051,0,False,False,False,False,False,-3.45682788,
3.466667,3.48333359,5.086857,260.154,-2.36923218,80.34901,-0.0433217771,0,5.086857,-2.482155,260.154,0,0,0,-0.029406121,5.126344,-2.36343884,4.401658,0.3,0,-0.768951654,0.106354758,0.00234817341,-0.660248756,-0.660248756,-0.660248756,-0.3478775,80,0,-1,-1.51335466,-3.19819975,-2.48214722,0,-0.716052532,-0.716052532,0,False,False,False,False,False,-3.44743037,
3.48333359,3.50000024,5.04727364,261.493134,-2.37499547,80.34884,-0.0433217771,0,5.04727364,-2.482155,261.493134,0,0,0,-0.0294782221,5.086857,-2.36923218,4.36051369,0.3,0,-0.763028562,0.106615454,0.0023360406,-0.654077053,-0.654077053,-0.654077053,-0.346080035,80,0,-1,-1.49920535,-3.18817019,-2.48214722,0,-0.706023,-0.706023,0,False,False,False,False,False,-3.43796921,
3.50000024,3.516667,5.007595,262.832275,-2.38072848,80.34866,-0.0433217771,0,5.007595,-2.482155,262.832275,0,0,0,-0.0295499489,5.04727364,-2.37499547,4.319282,0.3,0,-0.7570911,0.1068748,0.0023239078,-0.647892356,-0.647892356,-0.647892356,-0.3442826,80,0,-1,-1.48502612,-3.17811084,-2.48214722,0,-0.6959636,-0.6959636,0,False,False,False,False,False,-3.42847514,
3.516667,3.53333354,4.967821,264.171417,-2.38643217,80.3484955,-0.0433217771,0,4.967821,-2.482155,264.171417,0,0,0,-0.0296213031,5.007595,-2.38072848,4.277964,0.3,0,-0.7511393,0.107132792,0.00231186487,-0.641694665,-0.641694665,-0.641694665,-0.342498451,80,0,-1,-1.47081745,-3.1679914,-2.48214722,0,-0.6858442,-0.6858442,0,False,False,False,False,False,-3.41891766,
3.53333354,3.55000019,4.927953,265.510559,-2.39210653,80.34833,-0.0433217771,0,4.927953,-2.482155,265.510559,0,0,0,-0.02969229,4.967821,-2.38643217,4.236559,0.3,0,-0.7451732,0.107389458,0.00229991158,-0.635483861,-0.635483861,-0.635483861,-0.3407276,80,0,-1,-1.45657861,-3.15781164,-2.48214722,0,-0.6756644,-0.6756644,0,False,False,False,False,False,-3.40929723,
3.55000019,3.56666684,4.88799047,266.8497,-2.39775133,80.34816,-0.0433217771,0,4.88799047,-2.482155,266.8497,0,0,0,-0.0297629125,4.927953,-2.39210653,4.195068,0.3,0,-0.739192963,0.107644804,0.00228795852,-0.6292602,-0.6292602,-0.6292602,-0.338956773,80,0,-1,-1.44231045,-3.14760232,-2.48214722,0,-0.6654551,-0.6654551,0,False,False,False,False,False,-3.39964414,
3.56666684,3.58333349,4.84793425,268.188843,-2.40336657,80.34799,-0.0433217771,0,4.84793425,-2.482155,268.188843,0,0,0,-0.0298331659,4.88799047,-2.39775133,4.153491,0.3,0,-0.7331986,0.107898816,0.002276095,-0.6230237,-0.6230237,-0.6230237,-0.337199241,80,0,-1,-1.428013,-3.137333,-2.48214722,0,-0.6551857,-0.6551857,0,False,False,False,False,False,-3.38992858,
3.58333349,3.60000014,4.807785,269.527985,-2.408953,80.3478241,-0.0433217771,0,4.807785,-2.482155,269.527985,0,0,0,-0.0299030524,4.84793425,-2.40336657,4.111829,0.3,0,-0.727190137,0.1081515,0.00226432178,-0.6167743,-0.6167743,-0.6167743,-0.33545503,80,0,-1,-1.41368616,-3.127004,-2.48214722,0,-0.6448567,-0.6448567,0,False,False,False,False,False,-3.38015,
3.60000014,3.61666679,4.76754332,270.867126,-2.41451025,80.3476639,-0.0433217771,0,4.76754332,-2.482155,270.867126,0,0,0,-0.02997258,4.807785,-2.408953,4.07008171,0.3,0,-0.7211678,0.108402893,0.002252638,-0.610512257,-0.610512257,-0.610512257,-0.3337241,80,0,-1,-1.39933014,-3.11664581,-2.48214722,0,-0.6344986,-0.6344986,0,False,False,False,False,False,-3.37033987,
3.61666679,3.63333344,4.72720957,272.206238,-2.4200387,80.347496,-0.0433217771,0,4.72720957,-2.482155,272.206238,0,0,0,-0.0300417431,4.76754332,-2.41451025,4.02825069,0.3,0,-0.7151315,0.108652972,0.00224095443,-0.6042376,-0.6042376,-0.6042376,-0.331993222,80,0,-1,-1.38494551,-3.106198,-2.48214722,0,-0.624050856,-0.624050856,0,False,False,False,False,False,-3.36043668,
3.63333344,3.65,4.686784,273.545349,-2.42553854,80.34733,-0.0433217771,0,4.686784,-2.482155,273.545349,0,0,0,-0.03011055,4.72720957,-2.4200387,3.98633552,0.3,0,-0.7090815,0.108901747,0.00222936063,-0.597950339,-0.597950339,-0.597950339,-0.330275625,80,0,-1,-1.370532,-3.09575176,-2.48214722,0,-0.613604546,-0.613604546,0,False,False,False,False,False,-3.35053277,
3.65,3.66666675,4.646267,274.88446,-2.43101,80.34717,-0.0433217771,0,4.646267,-2.482155,274.88446,0,0,0,-0.0301790014,4.686784,-2.42553854,3.94433713,0.3,0,-0.7030176,0.10914924,0.002217767,-0.5916506,-0.5916506,-0.5916506,-0.328558058,80,0,-1,-1.35609,-3.08521581,-2.48214722,0,-0.6030686,-0.6030686,0,False,False,False,False,False,-3.340536,
3.66666675,3.68333364,4.60565948,276.223572,-2.43645287,80.347,-0.0433217771,0,4.60565948,-2.482155,276.223572,0,0,0,-0.0302470978,4.646267,-2.43101,3.90225554,0.3,0,-0.696940064,0.109395459,0.00220626313,-0.585338354,-0.585338354,-0.585338354,-0.326853752,80,0,-1,-1.34161925,-3.07465148,-2.48214722,0,-0.592504263,-0.592504263,0,False,False,False,False,False,-3.33050823,
3.68333364,3.70000029,4.564962,277.562683,-2.44186759,80.34683,-0.0433217771,0,4.564962,-2.482155,277.562683,0,0,0,-0.0303148422,4.60565948,-2.43645287,3.86009121,0.3,0,-0.690848947,0.10964039,0.002194849,-0.5790137,-0.5790137,-0.5790137,-0.3251628,80,0,-1,-1.32712042,-3.06402826,-2.48214722,0,-0.581881046,-0.581881046,0,False,False,False,False,False,-3.3204186,
3.70000029,3.716667,4.524174,278.9018,-2.44725442,80.34667,-0.0433217771,0,4.524174,-2.482155,278.9018,0,0,0,-0.0303822327,4.564962,-2.44186759,3.81784487,0.3,0,-0.6847443,0.109884053,0.002183525,-0.5726768,-0.5726768,-0.5726768,-0.323485136,80,0,-1,-1.31259334,-3.053377,-2.48214722,0,-0.5712297,-0.5712297,0,False,False,False,False,False,-3.3102982,
3.716667,3.73333359,4.48329735,280.2409,-2.452613,80.3465042,-0.0433217771,0,4.48329735,-2.482155,280.2409,0,0,0,-0.0304492768,4.524174,-2.44725442,3.77551651,0.3,0,-0.6786262,0.110126458,0.00217220071,-0.5663275,-0.5663275,-0.5663275,-0.321807474,80,0,-1,-1.29803813,-3.042667,-2.48214722,0,-0.5605197,-0.5605197,0,False,False,False,False,False,-3.30011654,
3.73333359,3.75000024,4.442332,281.580017,-2.45794415,80.346344,-0.0433217771,0,4.442332,-2.482155,281.580017,0,0,0,-0.0305159725,4.48329735,-2.452613,3.73310757,0.3,0,-0.67249465,0.110367596,0.00216087676,-0.559966147,-0.559966147,-0.559966147,-0.320129842,80,0,-1,-1.28345525,-3.03189874,-2.48214722,0,-0.5497515,-0.5497515,0,False,False,False,False,False,-3.28987384,
3.75000024,3.766667,4.40127754,282.919128,-2.46324754,80.3461761,-0.0433217771,0,4.40127754,-2.482155,282.919128,0,0,0,-0.0305823237,4.442332,-2.45794415,3.690617,0.3,0,-0.666349769,0.1106075,0.00214973232,-0.553592563,-0.553592563,-0.553592563,-0.318478823,80,0,-1,-1.26884449,-3.02107215,-2.48214722,0,-0.538924932,-0.538924932,0,False,False,False,False,False,-3.27956986,
3.766667,3.78333354,4.36013556,284.25824,-2.46852374,80.34602,-0.0433217771,0,4.36013556,-2.482155,284.25824,0,0,0,-0.0306483321,4.40127754,-2.46324754,3.648046,0.3,0,-0.660191655,0.110846147,0.00213858788,-0.547206938,-0.547206938,-0.547206938,-0.3168278,80,0,-1,-1.25420618,-3.01021814,-2.48214722,0,-0.5280709,-0.5280709,0,False,False,False,False,False,-3.26923561,
3.78333354,3.80000019,4.318906,285.597351,-2.47377229,80.34586,-0.0433217771,0,4.318906,-2.482155,285.597351,0,0,0,-0.0307139959,4.36013556,-2.46852374,3.60539484,0.3,0,-0.654020369,0.111083575,0.002127533,-0.5408093,-0.5408093,-0.5408093,-0.315190047,80,0,-1,-1.23954034,-2.99933648,-2.48214722,0,-0.517189264,-0.517189264,0,False,False,False,False,False,-3.25887156,
3.80000019,3.81666684,4.27758932,286.936432,-2.47899365,80.3457,-0.0433217771,0,4.27758932,-2.482155,286.936432,0,0,0,-0.0307793226,4.318906,-2.47377229,3.56266427,0.3,0,-0.6478359,0.111319765,0.00211647875,-0.5343997,-0.5343997,-0.5343997,-0.31355238,80,0,-1,-1.2248472,-2.98836637,-2.48214722,0,-0.506219149,-0.506219149,0,False,False,False,False,False,-3.248416,
3.81666684,3.83333349,4.236186,288.2755,-2.4841876,80.3455353,-0.0433217771,0,4.236186,-2.482155,288.2755,0,0,0,-0.0308443066,4.27758932,-2.47899365,3.51985455,0.3,0,-0.6416384,0.111554727,0.002105514,-0.5279782,-0.5279782,-0.5279782,-0.311927974,80,0,-1,-1.21012688,-2.97736931,-2.48214722,0,-0.495222062,-0.495222062,0,False,False,False,False,False,-3.23793077,
3.83333349,3.85000014,4.194697,289.6146,-2.48935533,80.34538,-0.0433217771,0,4.194697,-2.482155,289.6146,0,0,0,-0.0309089534,4.236186,-2.4841876,3.47696543,0.3,0,-0.635427952,0.111788452,0.00209463923,-0.5215448,-0.5215448,-0.5215448,-0.3103169,80,0,-1,-1.1953795,-2.966345,-2.48214722,0,-0.484197885,-0.484197885,0,False,False,False,False,False,-3.227416,
3.85000014,3.86666679,4.153122,290.953674,-2.49449563,80.3452148,-0.0433217771,0,4.153122,-2.482155,290.953674,0,0,0,-0.03097327,4.194697,-2.48935533,3.43399858,0.3,0,-0.6292046,0.112021,0.00208376418,-0.5150998,-0.5150998,-0.5150998,-0.308705777,80,0,-1,-1.18060541,-2.955233,-2.48214722,0,-0.4730859,-0.4730859,0,False,False,False,False,False,-3.2168107,
3.86666679,3.88333344,4.11146164,292.292755,-2.49961,80.34506,-0.0433217771,0,4.11146164,-2.482155,292.292755,0,0,0,-0.03103725,4.153122,-2.49449563,3.3909533,0.3,0,-0.6229683,0.11225231,0.00207297923,-0.508643031,-0.508643031,-0.508643031,-0.307107985,80,0,-1,-1.16580451,-2.94409418,-2.48214722,0,-0.461947,-0.461947,0,False,False,False,False,False,-3.2061758,
3.88333344,3.9,4.06971645,293.631836,-2.50469732,80.3449,-0.0433217771,0,4.06971645,-2.482155,293.631836,0,0,0,-0.0311009027,4.11146164,-2.49961,3.34783077,0.3,0,-0.616719246,0.112482458,0.00206219428,-0.5021746,-0.5021746,-0.5021746,-0.305510223,80,0,-1,-1.1509769,-2.9329288,-2.48214722,0,-0.4507816,-0.4507816,0,False,False,False,False,False,-3.19551182,
3.9,3.916667,4.02788734,294.970917,-2.50975847,80.34474,-0.0433217771,0,4.02788734,-2.482155,294.970917,0,0,0,-0.0311642233,4.06971645,-2.50469732,3.30463052,0.3,0,-0.6104575,0.112711385,0.002051499,-0.4956946,-0.4956946,-0.4956946,-0.303925753,80,0,-1,-1.136123,-2.92170644,-2.48214722,0,-0.439559221,-0.439559221,0,False,False,False,False,False,-3.184788,
3.916667,3.93333364,3.985974,296.31,-2.5147934,80.34459,-0.0433217771,0,3.985974,-2.482155,296.31,0,0,0,-0.0312272161,4.02788734,-2.50975847,3.26135373,0.3,0,-0.604183137,0.112939142,0.002040894,-0.489203066,-0.489203066,-0.489203066,-0.302354634,80,0,-1,-1.12124252,-2.910427,-2.48214722,0,-0.428279877,-0.428279877,0,False,False,False,False,False,-3.174005,
3.93333364,3.95000029,3.94397736,297.649078,-2.51980233,80.34444,-0.0433217771,0,3.94397736,-2.482155,297.649078,0,0,0,-0.03128988,3.985974,-2.5147934,3.21800017,0.3,0,-0.597896159,0.113165714,0.00203037844,-0.48270005,-0.48270005,-0.48270005,-0.300796777,80,0,-1,-1.10633576,-2.89912152,-2.48214722,0,-0.4169743,-0.4169743,0,False,False,False,False,False,-3.16319323,
3.95000029,3.966667,3.90189767,298.988159,-2.5247848,80.34428,-0.0433217771,0,3.90189767,-2.482155,298.988159,0,0,0,-0.031352222,3.94397736,-2.51980233,3.17457151,0.3,0,-0.5915966,0.113391116,0.00201977324,-0.476185739,-0.476185739,-0.476185739,-0.299225628,80,0,-1,-1.09140325,-2.88775945,-2.48214722,0,-0.40561223,-0.40561223,0,False,False,False,False,False,-3.15232229,
3.966667,3.98333359,3.85973525,300.32724,-2.529742,80.3441238,-0.0433217771,0,3.85973525,-2.482155,300.32724,0,0,0,-0.0314142369,3.90189767,-2.5247848,3.13106656,0.3,0,-0.58528465,0.113615327,0.00200934755,-0.46966,-0.46966,-0.46966,-0.2976811,80,0,-1,-1.07644475,-2.876341,-2.48214722,0,-0.3941939,-0.3941939,0,False,False,False,False,False,-3.14139247,
3.98333359,4,3.81749058,301.666321,-2.53467321,80.34396,-0.0433217771,0,3.81749058,-2.482155,301.666321,0,0,0,-0.0314759351,3.85973525,-2.529742,3.08748651,0.3,0,-0.5789603,0.1138384,0.00199892232,-0.463123,-0.463123,-0.463123,-0.2961366,80,0,-1,-1.06146049,-2.86489677,-2.48214722,0,-0.382749557,-0.382749557,0,False,False,False,False,False,-3.13043427,
